{
  "properties": {
    "connectionReferences": {
      "shared_commondataserviceforapps_1": {
        "runtimeSource": "embedded",
        "connection": {
          "connectionReferenceLogicalName": "crfb2_sharedcommondataserviceforapps_9b57c"
        },
        "api": {
          "name": "shared_commondataserviceforapps"
        }
      }
    },
    "definition": {
      "$schema": "https://schema.management.azure.com/providers/Microsoft.Logic/schemas/2016-06-01/workflowdefinition.json#",
      "contentVersion": "1.0.0.0",
      "parameters": {
        "$connections": {
          "defaultValue": {},
          "type": "Object"
        },
        "$authentication": {
          "defaultValue": {},
          "type": "SecureObject"
        },
        "AppRegistration_ClientID (msauto_AppRegistration_ClientID)": {
          "defaultValue": "1",
          "type": "String",
          "metadata": {
            "schemaName": "msauto_AppRegistration_ClientID"
          }
        },
        "AppRegistration_TenantID (msauto_AppRegistration_TenantID)": {
          "defaultValue": "1",
          "type": "String",
          "metadata": {
            "schemaName": "msauto_AppRegistration_TenantID"
          }
        },
        "AppRegistration_ClientSecret (msauto_AppRegistration_ClientSecret)": {
          "defaultValue": "1",
          "type": "String",
          "metadata": {
            "schemaName": "msauto_AppRegistration_ClientSecret"
          }
        }
      },
      "triggers": {
        "When_a_row_is_added,_modified_or_deleted": {
          "metadata": {
            "operationMetadataId": "b5fd0c8d-e28f-4edc-af2a-722657ae7747"
          },
          "type": "OpenApiConnectionWebhook",
          "inputs": {
            "host": {
              "connectionName": "shared_commondataserviceforapps_1",
              "operationId": "SubscribeWebhookTrigger",
              "apiId": "/providers/Microsoft.PowerApps/apis/shared_commondataserviceforapps"
            },
            "parameters": {
              "subscriptionRequest/message": 1,
              "subscriptionRequest/entityname": "msauto_endpointlocaladministratorrequests",
              "subscriptionRequest/scope": 4
            },
            "authentication": "@parameters('$authentication')"
          }
        }
      },
      "actions": {
        "Update_a_row_-_Request_Status_-_Setting_Up": {
          "runAfter": {
            "Update_a_row_-_Request_Status_-_Error": [
              "Skipped"
            ]
          },
          "metadata": {
            "operationMetadataId": "e03afba5-e4e5-4d28-b78f-abfe0a85b376"
          },
          "type": "OpenApiConnection",
          "inputs": {
            "host": {
              "connectionName": "shared_commondataserviceforapps_1",
              "operationId": "UpdateRecord",
              "apiId": "/providers/Microsoft.PowerApps/apis/shared_commondataserviceforapps"
            },
            "parameters": {
              "entityName": "msauto_endpointlocaladministratorrequestses",
              "recordId": "@triggerOutputs()?['body/msauto_endpointlocaladministratorrequestsid']",
              "item/msauto_requeststatus": 276880001
            },
            "authentication": "@parameters('$authentication')"
          }
        },
        "Update_Device_ObjectID": {
          "actions": {
            "Get_a_row_by_ID_-_Request": {
              "runAfter": {},
              "metadata": {
                "operationMetadataId": "c6283ae5-a1d5-4ec7-8363-19c9f76d3641"
              },
              "type": "OpenApiConnection",
              "inputs": {
                "host": {
                  "connectionName": "shared_commondataserviceforapps_1",
                  "operationId": "GetItem",
                  "apiId": "/providers/Microsoft.PowerApps/apis/shared_commondataserviceforapps"
                },
                "parameters": {
                  "entityName": "msauto_endpointlocaladministratorrequestses",
                  "recordId": "@triggerOutputs()?['body/msauto_endpointlocaladministratorrequestsid']"
                },
                "authentication": "@parameters('$authentication')"
              }
            },
            "Get_a_row_by_ID_-_Device": {
              "runAfter": {
                "Get_a_row_by_ID_-_Request": [
                  "Succeeded"
                ]
              },
              "metadata": {
                "operationMetadataId": "c169226f-8d4b-4c0b-a272-ed39133378d7"
              },
              "type": "OpenApiConnection",
              "inputs": {
                "host": {
                  "connectionName": "shared_commondataserviceforapps_1",
                  "operationId": "GetItem",
                  "apiId": "/providers/Microsoft.PowerApps/apis/shared_commondataserviceforapps"
                },
                "parameters": {
                  "entityName": "msauto_endpointlocaladministratordevices",
                  "recordId": "@outputs('Get_a_row_by_ID_-_Request')?['body/_msauto_intunedevice_value']"
                },
                "authentication": "@parameters('$authentication')"
              }
            },
            "Update_Device": {
              "foreach": "@body('Parse_JSON_-_Search_Azure_AD_for_Device')?['value']",
              "actions": {
                "Update_a_row_-_Device": {
                  "runAfter": {},
                  "metadata": {
                    "operationMetadataId": "ee384257-d4c0-4d12-8609-18ac77178eb4"
                  },
                  "type": "OpenApiConnection",
                  "inputs": {
                    "host": {
                      "connectionName": "shared_commondataserviceforapps_1",
                      "operationId": "UpdateRecord",
                      "apiId": "/providers/Microsoft.PowerApps/apis/shared_commondataserviceforapps"
                    },
                    "parameters": {
                      "entityName": "msauto_endpointlocaladministratordevices",
                      "recordId": "@outputs('Get_a_row_by_ID_-_Device')?['body/msauto_endpointlocaladministratordeviceid']",
                      "item/msauto_objectid": "@items('Update_Device')?['id']"
                    },
                    "authentication": "@parameters('$authentication')"
                  }
                }
              },
              "runAfter": {
                "Parse_JSON_-_Search_Azure_AD_for_Device": [
                  "Succeeded"
                ]
              },
              "metadata": {
                "operationMetadataId": "a57f165d-46b9-429e-ab6c-5644fba2dcdc"
              },
              "type": "Foreach"
            },
            "Search_Azure_AD_for_Device": {
              "runAfter": {
                "Get_a_row_by_ID_-_Device": [
                  "Succeeded"
                ]
              },
              "metadata": {
                "operationMetadataId": "28674c89-608f-4a01-bca8-e429f44cbfed"
              },
              "type": "Http",
              "inputs": {
                "method": "GET",
                "uri": "https://graph.microsoft.com/v1.0/devices?$filter=deviceId eq '@{outputs('Get_a_row_by_ID_-_Device')?['body/msauto_deviceid']}'",
                "authentication": {
                  "type": "ActiveDirectoryOAuth",
                  "tenant": "@parameters('AppRegistration_TenantID (msauto_AppRegistration_TenantID)')",
                  "audience": "https://graph.microsoft.com",
                  "clientId": "@parameters('AppRegistration_ClientID (msauto_AppRegistration_ClientID)')",
                  "secret": "@parameters('AppRegistration_ClientSecret (msauto_AppRegistration_ClientSecret)')"
                }
              }
            },
            "Parse_JSON_-_Search_Azure_AD_for_Device": {
              "runAfter": {
                "Search_Azure_AD_for_Device": [
                  "Succeeded"
                ]
              },
              "metadata": {
                "operationMetadataId": "ea511eb6-f170-473c-963c-1b1f2a130448"
              },
              "type": "ParseJson",
              "inputs": {
                "content": "@body('Search_Azure_AD_for_Device')",
                "schema": {
                  "type": "object",
                  "properties": {
                    "@@odata.context": {
                      "type": "string"
                    },
                    "value": {
                      "type": "array",
                      "items": {
                        "type": "object",
                        "properties": {
                          "id": {
                            "type": "string"
                          }
                        },
                        "required": [
                          "id"
                        ]
                      }
                    }
                  }
                }
              }
            }
          },
          "runAfter": {
            "Delay": [
              "Succeeded"
            ]
          },
          "metadata": {
            "operationMetadataId": "fdf6e915-52b4-4720-b403-ab0fbf5eab5a"
          },
          "type": "Scope"
        },
        "Update_a_row_-_Request_Status_-_Error": {
          "runAfter": {
            "Update_Device_ObjectID": [
              "Failed"
            ]
          },
          "metadata": {
            "operationMetadataId": "2bad645e-0cec-40c0-a2da-20ae07885aec"
          },
          "type": "OpenApiConnection",
          "inputs": {
            "host": {
              "connectionName": "shared_commondataserviceforapps_1",
              "operationId": "UpdateRecord",
              "apiId": "/providers/Microsoft.PowerApps/apis/shared_commondataserviceforapps"
            },
            "parameters": {
              "entityName": "msauto_endpointlocaladministratorrequestses",
              "recordId": "@triggerOutputs()?['body/msauto_endpointlocaladministratorrequestsid']",
              "item/msauto_errorflowname": "@workflow().name",
              "item/msauto_errorflowrunid": "@workflow().run.name",
              "item/msauto_requeststatus": 276880004
            },
            "authentication": "@parameters('$authentication')"
          }
        },
        "Delay": {
          "runAfter": {},
          "metadata": {
            "operationMetadataId": "a3d4f90c-3cb5-4aef-b6d6-cdf6452bb4c1"
          },
          "type": "Wait",
          "inputs": {
            "interval": {
              "count": 15,
              "unit": "Second"
            }
          }
        }
      },
      "outputs": {}
    }
  },
  "schemaVersion": "1.0.0.0"
}