{
  "properties": {
    "connectionReferences": {},
    "definition": {
      "$schema": "https://schema.management.azure.com/providers/Microsoft.Logic/schemas/2016-06-01/workflowdefinition.json#",
      "contentVersion": "1.0.0.0",
      "parameters": {
        "$authentication": {
          "defaultValue": {},
          "type": "SecureObject"
        },
        "AppRegistration_ClientID (msauto_AppRegistration_ClientID)": {
          "defaultValue": "775aa229-7f0f-4856-9820-6d357bcfe15c",
          "type": "String",
          "metadata": {
            "schemaName": "msauto_AppRegistration_ClientID"
          }
        },
        "AppRegistration_TenantID (msauto_AppRegistration_TenantID)": {
          "defaultValue": "62b71b94-5ddd-4bd1-b652-1a1f2a56868c",
          "type": "String",
          "metadata": {
            "schemaName": "msauto_AppRegistration_TenantID"
          }
        },
        "AppRegistration_ClientSecret (msauto_AppRegistration_ClientSecret)": {
          "defaultValue": "zYz8Q~-TqH186aDX6l2Uljx~xWwKi~Tn5ZY1La39",
          "type": "String",
          "metadata": {
            "schemaName": "msauto_AppRegistration_ClientSecret"
          }
        }
      },
      "triggers": {
        "manual": {
          "metadata": {
            "operationMetadataId": "5f8e3ae9-121b-42b3-8616-ec81606fd6b4"
          },
          "type": "Request",
          "kind": "PowerApp",
          "inputs": {
            "schema": {
              "type": "object",
              "properties": {
                "filter_Inputs": {
                  "type": "any",
                  "description": "Inputs",
                  "x-ms-powerflows-param-ispartial": false
                }
              },
              "required": [
                "filter_Inputs"
              ]
            }
          }
        }
      },
      "actions": {
        "filter": {
          "runAfter": {},
          "metadata": {
            "operationMetadataId": "dd661437-5e1a-42c0-97dc-392eb4280219"
          },
          "type": "Compose",
          "inputs": "@triggerBody()['filter_Inputs']"
        },
        "HTTP": {
          "runAfter": {
            "filter": [
              "Succeeded"
            ]
          },
          "metadata": {
            "operationMetadataId": "41efc570-0663-4d4d-8f3b-e4bfd577c782"
          },
          "type": "Http",
          "inputs": {
            "method": "GET",
            "uri": "https://graph.microsoft.com/beta/deviceManagement/managedDevices?$filter=@{outputs('filter')}",
            "headers": {
              "content-type": "application/json"
            },
            "queries": {
              "$top": "1"
            },
            "authentication": {
              "type": "ActiveDirectoryOAuth",
              "tenant": "@parameters('AppRegistration_TenantID (msauto_AppRegistration_TenantID)')",
              "audience": "https://graph.microsoft.com",
              "clientId": "@parameters('AppRegistration_ClientID (msauto_AppRegistration_ClientID)')",
              "secret": "@parameters('AppRegistration_ClientSecret (msauto_AppRegistration_ClientSecret)')"
            }
          }
        },
        "Response": {
          "runAfter": {
            "HTTP": [
              "Succeeded"
            ]
          },
          "metadata": {
            "operationMetadataId": "66cb303d-f51e-455b-b342-3b84a7f86582"
          },
          "type": "Response",
          "kind": "Http",
          "inputs": {
            "statusCode": 200,
            "headers": {
              "content-type": "application/json"
            },
            "body": "@body('HTTP')",
            "schema": {
              "type": "object",
              "properties": {
                "@@odata.context": {
                  "type": "string"
                },
                "@@odata.count": {
                  "type": "integer"
                },
                "value": {
                  "type": "array",
                  "items": {
                    "type": "object",
                    "properties": {
                      "id": {
                        "type": "string"
                      },
                      "userId": {
                        "type": "string"
                      },
                      "deviceName": {
                        "type": "string"
                      },
                      "ownerType": {
                        "type": "string"
                      },
                      "managedDeviceOwnerType": {
                        "type": "string"
                      },
                      "managementState": {
                        "type": "string"
                      },
                      "enrolledDateTime": {
                        "type": "string"
                      },
                      "lastSyncDateTime": {
                        "type": "string"
                      },
                      "operatingSystem": {
                        "type": "string"
                      },
                      "deviceType": {
                        "type": "string"
                      },
                      "managementAgent": {
                        "type": "string"
                      },
                      "osVersion": {
                        "type": "string"
                      },
                      "deviceEnrollmentType": {
                        "type": "string"
                      },
                      "emailAddress": {
                        "type": "string"
                      },
                      "azureActiveDirectoryDeviceId": {
                        "type": "string"
                      },
                      "azureADDeviceId": {
                        "type": "string"
                      },
                      "deviceRegistrationState": {
                        "type": "string"
                      },
                      "isEncrypted": {
                        "type": "boolean"
                      },
                      "userPrincipalName": {
                        "type": "string"
                      },
                      "model": {
                        "type": "string"
                      },
                      "manufacturer": {
                        "type": "string"
                      },
                      "serialNumber": {
                        "type": "string"
                      },
                      "userDisplayName": {
                        "type": "string"
                      },
                      "managedDeviceName": {
                        "type": "string"
                      },
                      "joinType": {
                        "type": "string"
                      },
                      "skuFamily": {
                        "type": "string"
                      },
                      "skuNumber": {
                        "type": "integer"
                      },
                      "usersLoggedOn": {
                        "type": "array",
                        "items": {
                          "type": "object",
                          "properties": {
                            "userId": {
                              "type": "string"
                            },
                            "lastLogOnDateTime": {
                              "type": "string"
                            }
                          },
                          "required": [
                            "userId",
                            "lastLogOnDateTime"
                          ]
                        }
                      }
                    },
                    "required": [
                      "id",
                      "userId",
                      "deviceName",
                      "ownerType",
                      "managedDeviceOwnerType",
                      "managementState",
                      "enrolledDateTime",
                      "lastSyncDateTime",
                      "operatingSystem",
                      "deviceType",
                      "managementAgent",
                      "osVersion",
                      "deviceEnrollmentType",
                      "emailAddress",
                      "azureActiveDirectoryDeviceId",
                      "azureADDeviceId",
                      "deviceRegistrationState",
                      "isEncrypted",
                      "userPrincipalName",
                      "model",
                      "manufacturer",
                      "serialNumber",
                      "userDisplayName",
                      "managedDeviceName",
                      "joinType",
                      "skuFamily",
                      "skuNumber",
                      "usersLoggedOn"
                    ]
                  }
                }
              }
            }
          }
        }
      }
    }
  },
  "schemaVersion": "1.0.0.0"
}