{
  "properties": {
    "connectionReferences": {},
    "definition": {
      "$schema": "https://schema.management.azure.com/providers/Microsoft.Logic/schemas/2016-06-01/workflowdefinition.json#",
      "contentVersion": "1.0.0.0",
      "parameters": {
        "$authentication": {
          "defaultValue": {},
          "type": "SecureObject"
        },
        "AppRegistration_ClientID (msauto_AppRegistration_ClientID)": {
          "defaultValue": "775aa229-7f0f-4856-9820-6d357bcfe15c",
          "type": "String",
          "metadata": {
            "schemaName": "msauto_AppRegistration_ClientID"
          }
        },
        "AppRegistration_TenantID (msauto_AppRegistration_TenantID)": {
          "defaultValue": "62b71b94-5ddd-4bd1-b652-1a1f2a56868c",
          "type": "String",
          "metadata": {
            "schemaName": "msauto_AppRegistration_TenantID"
          }
        },
        "AppRegistration_ClientSecret (msauto_AppRegistration_ClientSecret)": {
          "defaultValue": "zYz8Q~-TqH186aDX6l2Uljx~xWwKi~Tn5ZY1La39",
          "type": "String",
          "metadata": {
            "schemaName": "msauto_AppRegistration_ClientSecret"
          }
        }
      },
      "triggers": {
        "manual": {
          "metadata": {
            "operationMetadataId": "16734602-807a-4d43-bfae-e3adf4f5353b"
          },
          "type": "Request",
          "kind": "PowerApp",
          "inputs": {
            "schema": {
              "type": "object",
              "properties": {},
              "required": []
            }
          }
        }
      },
      "actions": {
        "Get_Directory_Role_Members": {
          "runAfter": {},
          "metadata": {
            "operationMetadataId": "128b3444-1ffb-4997-b92e-3d8bd4129018"
          },
          "type": "Http",
          "inputs": {
            "method": "GET",
            "uri": "https://graph.microsoft.com/beta/directoryRoles/roleTemplateId=9f06204d-73c1-4d4c-880a-6edb90606fd8/members",
            "authentication": {
              "type": "ActiveDirectoryOAuth",
              "tenant": "@parameters('AppRegistration_TenantID (msauto_AppRegistration_TenantID)')",
              "audience": "https://graph.microsoft.com",
              "clientId": "@parameters('AppRegistration_ClientID (msauto_AppRegistration_ClientID)')",
              "secret": "@parameters('AppRegistration_ClientSecret (msauto_AppRegistration_ClientSecret)')"
            }
          }
        },
        "Parse_JSON": {
          "runAfter": {
            "Get_Directory_Role_Members": [
              "Succeeded"
            ]
          },
          "metadata": {
            "operationMetadataId": "9a4f398e-1081-4a19-8685-5c9bb6615d3b"
          },
          "type": "ParseJson",
          "inputs": {
            "content": "@body('Get_Directory_Role_Members')",
            "schema": {
              "type": "object",
              "properties": {
                "@@odata.context": {
                  "type": "string"
                },
                "value": {
                  "type": "array",
                  "items": {
                    "type": "object",
                    "properties": {
                      "@@odata.type": {
                        "type": "string"
                      },
                      "id": {
                        "type": "string"
                      }
                    },
                    "required": [
                      "@@odata.type",
                      "id"
                    ]
                  }
                }
              }
            }
          }
        },
        "Count_of_Members": {
          "runAfter": {
            "Parse_JSON": [
              "Succeeded"
            ]
          },
          "metadata": {
            "operationMetadataId": "c03d17f8-2ab5-46d2-81b0-4ded96c85ca8"
          },
          "type": "Compose",
          "inputs": "@length(body('Parse_JSON')?['value'])"
        },
        "Respond_to_a_PowerApp_or_flow": {
          "runAfter": {
            "Count_of_Members": [
              "Succeeded"
            ]
          },
          "metadata": {
            "operationMetadataId": "463015ca-224c-42b3-a80f-1eb63579b3eb"
          },
          "type": "Response",
          "kind": "PowerApp",
          "inputs": {
            "statusCode": 200,
            "body": {
              "members": "@{outputs('Count_of_Members')}"
            },
            "schema": {
              "type": "object",
              "properties": {
                "members": {
                  "title": "Members",
                  "x-ms-dynamically-added": true,
                  "type": "string"
                }
              }
            }
          }
        }
      }
    }
  },
  "schemaVersion": "1.0.0.0"
}