{
  "properties": {
    "connectionReferences": {
      "shared_teams": {
        "runtimeSource": "embedded",
        "connection": {
          "connectionReferenceLogicalName": "crfb2_sharedteams_0e5d8"
        },
        "api": {
          "name": "shared_teams"
        }
      },
      "shared_office365": {
        "runtimeSource": "embedded",
        "connection": {
          "connectionReferenceLogicalName": "crfb2_sharedoffice365_27809"
        },
        "api": {
          "name": "shared_office365"
        }
      },
      "shared_commondataserviceforapps": {
        "runtimeSource": "embedded",
        "connection": {
          "connectionReferenceLogicalName": "crfb2_sharedcommondataserviceforapps_9b57c"
        },
        "api": {
          "name": "shared_commondataserviceforapps"
        }
      }
    },
    "definition": {
      "$schema": "https://schema.management.azure.com/providers/Microsoft.Logic/schemas/2016-06-01/workflowdefinition.json#",
      "contentVersion": "1.0.0.0",
      "parameters": {
        "$connections": {
          "defaultValue": {},
          "type": "Object"
        },
        "$authentication": {
          "defaultValue": {},
          "type": "SecureObject"
        },
        "OriginatorID (msauto_OriginatorID)": {
          "defaultValue": "970c53b9-2d70-4229-b6f5-777087b60d6d",
          "type": "String",
          "metadata": {
            "schemaName": "msauto_OriginatorID"
          }
        }
      },
      "triggers": {
        "When_a_row_is_added,_modified_or_deleted": {
          "metadata": {
            "operationMetadataId": "6dfa072d-10a3-4967-be57-b47b8d0d4243"
          },
          "type": "OpenApiConnectionWebhook",
          "inputs": {
            "host": {
              "connectionName": "shared_commondataserviceforapps",
              "operationId": "SubscribeWebhookTrigger",
              "apiId": "/providers/Microsoft.PowerApps/apis/shared_commondataserviceforapps"
            },
            "parameters": {
              "subscriptionRequest/message": 3,
              "subscriptionRequest/entityname": "msauto_endpointlocaladministratorrequests",
              "subscriptionRequest/scope": 4,
              "subscriptionRequest/filteringattributes": "msauto_requeststatus"
            },
            "authentication": "@parameters('$authentication')"
          }
        }
      },
      "actions": {
        "Condition_-_Error": {
          "actions": {
            "Adaptive_Card_-_Administrator_-_Error": {
              "runAfter": {},
              "metadata": {
                "operationMetadataId": "98d591d1-d5c7-4539-8886-5084dc2763ae"
              },
              "type": "Compose",
              "inputs": {
                "type": "AdaptiveCard",
                "$schema": "http://adaptivecards.io/schemas/adaptive-card.json",
                "originator": "@{parameters('OriginatorID (msauto_OriginatorID)')}",
                "version": "1.4",
                "body": [
                  {
                    "type": "TextBlock",
                    "wrap": true,
                    "size": "Large",
                    "weight": "Bolder",
                    "text": "Endpoint Local Administrator"
                  },
                  {
                    "type": "TextBlock",
                    "text": "Error Notification",
                    "wrap": true,
                    "size": "Large",
                    "color": "Attention",
                    "weight": "Bolder"
                  },
                  {
                    "type": "TextBlock",
                    "text": "The following request has failed:",
                    "wrap": true
                  },
                  {
                    "type": "FactSet",
                    "facts": [
                      {
                        "title": "Job ID:",
                        "value": "@{triggerOutputs()?['body/msauto_jobid']}"
                      },
                      {
                        "title": "Device Name:",
                        "value": "@{outputs('Get_a_row_by_ID_-_Device')?['body/msauto_devicename']}"
                      },
                      {
                        "title": "User Principal Name:",
                        "value": "@{triggerOutputs()?['body/msauto_userprincipalname']}"
                      },
                      {
                        "title": "Assignment Type:",
                        "value": "@{triggerOutputs()?['body/_msauto_assignmenttype_label']}"
                      },
                      {
                        "title": "Job Type:",
                        "value": "@{triggerOutputs()?['body/_msauto_jobtype_label']}"
                      }
                    ]
                  },
                  {
                    "type": "TextBlock",
                    "text": "Please check the flow below for errors related to this.",
                    "wrap": true,
                    "color": "Accent"
                  }
                ],
                "actions": [
                  {
                    "type": "Action.OpenUrl",
                    "title": "View Flow Run",
                    "url": "@{concat('https://us.flow.microsoft.com/manage/environments/', workflow().tags.environmentName, '/flows/', triggerOutputs()?['body/msauto_errorflowname'], '/runs/', triggerOutputs()?['body/msauto_errorflowrunid'])}"
                  }
                ]
              }
            },
            "Condition_-_Send_Teams_Notification_-_Administrator": {
              "actions": {
                "Apply_to_each_-_Teams_-_Administrator": {
                  "foreach": "@outputs('List_rows_-_Notification_Users_-_Teams')?['body/value']",
                  "actions": {
                    "Adaptive_Card_-_Teams_-_Administrator_-_Error": {
                      "runAfter": {},
                      "metadata": {
                        "operationMetadataId": "238f6824-8045-4b02-8ef9-66c42366f43a"
                      },
                      "type": "OpenApiConnection",
                      "inputs": {
                        "host": {
                          "connectionName": "shared_teams",
                          "operationId": "PostCardToConversation",
                          "apiId": "/providers/Microsoft.PowerApps/apis/shared_teams"
                        },
                        "parameters": {
                          "poster": "Flow bot",
                          "location": "Chat with Flow bot",
                          "body/recipient": "@{items('Apply_to_each_-_Teams_-_Administrator')?['msauto_userprincipalname']};",
                          "body/messageBody": "@outputs('Adaptive_Card_-_Administrator_-_Error')"
                        },
                        "authentication": "@parameters('$authentication')"
                      }
                    }
                  },
                  "runAfter": {},
                  "metadata": {
                    "operationMetadataId": "d7a4c242-22bc-404a-b6a5-7f0a39667b23"
                  },
                  "type": "Foreach"
                }
              },
              "runAfter": {
                "Adaptive_Card_-_Administrator_-_Error": [
                  "Succeeded"
                ]
              },
              "expression": {
                "equals": [
                  "@variables('Teams_Notification_Enabled')",
                  "@true"
                ]
              },
              "metadata": {
                "operationMetadataId": "7fb71ca1-d56c-4f00-b6ee-ed0c07760ebc"
              },
              "type": "If"
            },
            "Condition_-_Send_Email_Notification_-_Administrator": {
              "actions": {
                "Apply_to_each_-_Email_-_Administrator": {
                  "foreach": "@outputs('List_rows_-_Notification_Users_-_Email')?['body/value']",
                  "actions": {
                    "Outlook_-_Adaptive_Card_-_Administrator_-_Error": {
                      "runAfter": {},
                      "metadata": {
                        "operationMetadataId": "c06af2f7-e920-4c89-9c87-4a5c3c808202"
                      },
                      "type": "OpenApiConnection",
                      "inputs": {
                        "host": {
                          "connectionName": "shared_office365",
                          "operationId": "SendEmailV2",
                          "apiId": "/providers/Microsoft.PowerApps/apis/shared_office365"
                        },
                        "parameters": {
                          "emailMessage/To": "@items('Apply_to_each_-_Email_-_Administrator')?['msauto_userprincipalname']",
                          "emailMessage/Subject": "Endpoint Local Administrator - @{triggerOutputs()?['body/msauto_jobid']} - Error",
                          "emailMessage/Body": "<script type=\"application/adaptivecard+json\">\n@{outputs('Adaptive_Card_-_Administrator_-_Error')}\n</script>"
                        },
                        "authentication": "@parameters('$authentication')"
                      }
                    }
                  },
                  "runAfter": {},
                  "metadata": {
                    "operationMetadataId": "65b30cb4-9e50-47a9-83e9-05a327e89b6c"
                  },
                  "type": "Foreach"
                }
              },
              "runAfter": {
                "Adaptive_Card_-_Administrator_-_Error": [
                  "Succeeded"
                ]
              },
              "expression": {
                "equals": [
                  "@variables('Email_Notification_Enabled')",
                  "@true"
                ]
              },
              "metadata": {
                "operationMetadataId": "1ba4da4e-5e55-4c49-960e-05fd87912cfd"
              },
              "type": "If"
            }
          },
          "runAfter": {
            "Get_a_row_by_ID_-_Device": [
              "Succeeded"
            ]
          },
          "expression": {
            "equals": [
              "@triggerOutputs()?['body/msauto_requeststatus']",
              276880004
            ]
          },
          "metadata": {
            "operationMetadataId": "6111647a-3173-4c70-857e-0c0cf5a53746"
          },
          "type": "If"
        },
        "Initialize_variable_-_Teams_Notification_Enabled": {
          "runAfter": {},
          "metadata": {
            "operationMetadataId": "ccc4032d-f9cc-4f27-bbbc-269710e71481"
          },
          "type": "InitializeVariable",
          "inputs": {
            "variables": [
              {
                "name": "Teams_Notification_Enabled",
                "type": "boolean"
              }
            ]
          }
        },
        "Initialize_variable_-_Email_Notification_Enabled": {
          "runAfter": {
            "Initialize_variable_-_Teams_Notification_Enabled": [
              "Succeeded"
            ]
          },
          "metadata": {
            "operationMetadataId": "605fedfc-8335-486b-81b6-9bb22f6c770e"
          },
          "type": "InitializeVariable",
          "inputs": {
            "variables": [
              {
                "name": "Email_Notification_Enabled",
                "type": "boolean"
              }
            ]
          }
        },
        "Set_Settings_Variables_and_Gather_Notification_Users": {
          "actions": {
            "List_rows_-_Settings_Table_-_EmailNotification": {
              "runAfter": {},
              "metadata": {
                "operationMetadataId": "62ff3557-3a7d-4f1e-bf5e-f26c4b830f22"
              },
              "type": "OpenApiConnection",
              "inputs": {
                "host": {
                  "connectionName": "shared_commondataserviceforapps",
                  "operationId": "ListRecords",
                  "apiId": "/providers/Microsoft.PowerApps/apis/shared_commondataserviceforapps"
                },
                "parameters": {
                  "entityName": "msauto_endpointlocaladministratorsettingses",
                  "$filter": "msauto_setting eq 'EmailNotification'"
                },
                "authentication": "@parameters('$authentication')"
              }
            },
            "Apply_to_each_-_EmailNotification": {
              "foreach": "@outputs('List_rows_-_Settings_Table_-_EmailNotification')?['body/value']",
              "actions": {
                "Set_variable_-_Email_Notification_Enabled": {
                  "runAfter": {},
                  "metadata": {
                    "operationMetadataId": "3969830d-b9d2-4df4-94c7-5cfbb5702389"
                  },
                  "type": "SetVariable",
                  "inputs": {
                    "name": "Email_Notification_Enabled",
                    "value": "@items('Apply_to_each_-_EmailNotification')?['msauto_enabled']"
                  }
                }
              },
              "runAfter": {
                "List_rows_-_Settings_Table_-_TeamsNotification": [
                  "Succeeded"
                ]
              },
              "metadata": {
                "operationMetadataId": "ba89173f-3ada-4999-9e89-116cb51f2015"
              },
              "type": "Foreach"
            },
            "List_rows_-_Settings_Table_-_TeamsNotification": {
              "runAfter": {
                "List_rows_-_Settings_Table_-_EmailNotification": [
                  "Succeeded"
                ]
              },
              "metadata": {
                "operationMetadataId": "3e532879-e0df-45f2-9259-439b9afe4e4a"
              },
              "type": "OpenApiConnection",
              "inputs": {
                "host": {
                  "connectionName": "shared_commondataserviceforapps",
                  "operationId": "ListRecords",
                  "apiId": "/providers/Microsoft.PowerApps/apis/shared_commondataserviceforapps"
                },
                "parameters": {
                  "entityName": "msauto_endpointlocaladministratorsettingses",
                  "$filter": "msauto_setting eq 'TeamsNotification'"
                },
                "authentication": "@parameters('$authentication')"
              }
            },
            "Apply_to_each_-_TeamsNotification": {
              "foreach": "@outputs('List_rows_-_Settings_Table_-_TeamsNotification')?['body/value']",
              "actions": {
                "Set_variable_-_Teams_Notification_Enabled": {
                  "runAfter": {},
                  "metadata": {
                    "operationMetadataId": "6c2fb2ca-7b5c-4490-9e1e-43e8b9653c5c"
                  },
                  "type": "SetVariable",
                  "inputs": {
                    "name": "Teams_Notification_Enabled",
                    "value": "@items('Apply_to_each_-_TeamsNotification')?['msauto_enabled']"
                  }
                }
              },
              "runAfter": {
                "List_rows_-_Settings_Table_-_TeamsNotification": [
                  "Succeeded"
                ]
              },
              "metadata": {
                "operationMetadataId": "3067f258-6a17-4b2c-a695-005463737168"
              },
              "type": "Foreach"
            },
            "List_rows_-_Notification_Users_-_Teams": {
              "runAfter": {
                "Apply_to_each_-_EmailNotification": [
                  "Succeeded"
                ],
                "Apply_to_each_-_TeamsNotification": [
                  "Succeeded"
                ]
              },
              "metadata": {
                "operationMetadataId": "2cd0cc34-954c-4855-8264-3958833c9f2d"
              },
              "type": "OpenApiConnection",
              "inputs": {
                "host": {
                  "connectionName": "shared_commondataserviceforapps",
                  "operationId": "ListRecords",
                  "apiId": "/providers/Microsoft.PowerApps/apis/shared_commondataserviceforapps"
                },
                "parameters": {
                  "entityName": "msauto_endpointlocaladministratornotificationuserses",
                  "$filter": "msauto_teams eq true"
                },
                "authentication": "@parameters('$authentication')"
              }
            },
            "List_rows_-_Notification_Users_-_Email": {
              "runAfter": {
                "List_rows_-_Notification_Users_-_Teams": [
                  "Succeeded"
                ]
              },
              "metadata": {
                "operationMetadataId": "2cd0cc34-954c-4855-8264-3958833c9f2d"
              },
              "type": "OpenApiConnection",
              "inputs": {
                "host": {
                  "connectionName": "shared_commondataserviceforapps",
                  "operationId": "ListRecords",
                  "apiId": "/providers/Microsoft.PowerApps/apis/shared_commondataserviceforapps"
                },
                "parameters": {
                  "entityName": "msauto_endpointlocaladministratornotificationuserses",
                  "$filter": "msauto_email eq true"
                },
                "authentication": "@parameters('$authentication')"
              }
            }
          },
          "runAfter": {
            "Initialize_variable_-_Email_Notification_Enabled": [
              "Succeeded"
            ]
          },
          "metadata": {
            "operationMetadataId": "adb9f7ba-ed04-4b4f-87d4-af9acf58e8d6"
          },
          "type": "Scope"
        },
        "Condition_-_Complete": {
          "actions": {
            "Adaptive_Card_-_Administrator_-_Complete": {
              "runAfter": {},
              "metadata": {
                "operationMetadataId": "98d591d1-d5c7-4539-8886-5084dc2763ae"
              },
              "type": "Compose",
              "inputs": {
                "type": "AdaptiveCard",
                "$schema": "http://adaptivecards.io/schemas/adaptive-card.json",
                "originator": "@{parameters('OriginatorID (msauto_OriginatorID)')}",
                "version": "1.4",
                "body": [
                  {
                    "type": "TextBlock",
                    "wrap": true,
                    "size": "Large",
                    "weight": "Bolder",
                    "text": "Endpoint Local Administrator"
                  },
                  {
                    "type": "TextBlock",
                    "text": "Complete Notification",
                    "wrap": true,
                    "size": "Large",
                    "color": "Good",
                    "weight": "Bolder"
                  },
                  {
                    "type": "TextBlock",
                    "text": "The following request has finished:",
                    "wrap": true
                  },
                  {
                    "type": "FactSet",
                    "facts": [
                      {
                        "title": "Job ID:",
                        "value": "@{triggerOutputs()?['body/msauto_jobid']}"
                      },
                      {
                        "title": "Device Name:",
                        "value": "@{outputs('Get_a_row_by_ID_-_Device')?['body/msauto_devicename']}"
                      },
                      {
                        "title": "User Principal Name:",
                        "value": "@{triggerOutputs()?['body/msauto_userprincipalname']}"
                      },
                      {
                        "title": "Assignment Type:",
                        "value": "@{triggerOutputs()?['body/_msauto_assignmenttype_label']}"
                      },
                      {
                        "title": "Job Type:",
                        "value": "@{triggerOutputs()?['body/_msauto_jobtype_label']}"
                      }
                    ]
                  }
                ]
              }
            },
            "Condition_-_Send_Teams_Notification_-_Administrator_-_Complete": {
              "actions": {
                "Apply_to_each_-_Teams_-_Administrator_-_Complete": {
                  "foreach": "@outputs('List_rows_-_Notification_Users_-_Teams')?['body/value']",
                  "actions": {
                    "Adaptive_Card_-_Teams_-_Administrator_-_Complete": {
                      "runAfter": {},
                      "metadata": {
                        "operationMetadataId": "238f6824-8045-4b02-8ef9-66c42366f43a"
                      },
                      "type": "OpenApiConnection",
                      "inputs": {
                        "host": {
                          "connectionName": "shared_teams",
                          "operationId": "PostCardToConversation",
                          "apiId": "/providers/Microsoft.PowerApps/apis/shared_teams"
                        },
                        "parameters": {
                          "poster": "Flow bot",
                          "location": "Chat with Flow bot",
                          "body/recipient": "@{items('Apply_to_each_-_Teams_-_Administrator_-_Complete')?['msauto_userprincipalname']};",
                          "body/messageBody": "@outputs('Adaptive_Card_-_Administrator_-_Complete')"
                        },
                        "authentication": "@parameters('$authentication')"
                      }
                    }
                  },
                  "runAfter": {},
                  "metadata": {
                    "operationMetadataId": "d7a4c242-22bc-404a-b6a5-7f0a39667b23"
                  },
                  "type": "Foreach"
                }
              },
              "runAfter": {
                "Adaptive_Card_-_Administrator_-_Complete": [
                  "Succeeded"
                ]
              },
              "expression": {
                "equals": [
                  "@variables('Teams_Notification_Enabled')",
                  "@true"
                ]
              },
              "metadata": {
                "operationMetadataId": "7fb71ca1-d56c-4f00-b6ee-ed0c07760ebc"
              },
              "type": "If"
            },
            "Condition_-_Send_Email_Notification_-_Administrator_-_Complete": {
              "actions": {
                "Apply_to_each_-_Email_-_Administrator_-_Complete": {
                  "foreach": "@outputs('List_rows_-_Notification_Users_-_Email')?['body/value']",
                  "actions": {
                    "Outlook_-_Adaptive_Card_-_Administrator_-_Complete": {
                      "runAfter": {},
                      "metadata": {
                        "operationMetadataId": "c06af2f7-e920-4c89-9c87-4a5c3c808202"
                      },
                      "type": "OpenApiConnection",
                      "inputs": {
                        "host": {
                          "connectionName": "shared_office365",
                          "operationId": "SendEmailV2",
                          "apiId": "/providers/Microsoft.PowerApps/apis/shared_office365"
                        },
                        "parameters": {
                          "emailMessage/To": "@items('Apply_to_each_-_Email_-_Administrator_-_Complete')?['msauto_userprincipalname']",
                          "emailMessage/Subject": "Endpoint Local Administrator - @{triggerOutputs()?['body/msauto_jobid']} - Complete",
                          "emailMessage/Body": "<script type=\"application/adaptivecard+json\">\n@{outputs('Adaptive_Card_-_Administrator_-_Complete')}\n</script>"
                        },
                        "authentication": "@parameters('$authentication')"
                      }
                    }
                  },
                  "runAfter": {},
                  "metadata": {
                    "operationMetadataId": "65b30cb4-9e50-47a9-83e9-05a327e89b6c"
                  },
                  "type": "Foreach"
                }
              },
              "runAfter": {
                "Adaptive_Card_-_Administrator_-_Complete": [
                  "Succeeded"
                ]
              },
              "expression": {
                "equals": [
                  "@variables('Email_Notification_Enabled')",
                  "@true"
                ]
              },
              "metadata": {
                "operationMetadataId": "1ba4da4e-5e55-4c49-960e-05fd87912cfd"
              },
              "type": "If"
            }
          },
          "runAfter": {
            "Get_a_row_by_ID_-_Device": [
              "Succeeded"
            ]
          },
          "expression": {
            "equals": [
              "@triggerOutputs()?['body/msauto_requeststatus']",
              276880007
            ]
          },
          "metadata": {
            "operationMetadataId": "7774caec-6398-48ad-86fd-c3e4cfb2199f"
          },
          "type": "If"
        },
        "Condition_-_Admin_Granted": {
          "actions": {
            "Adaptive_Card_-_Administrator_-_Granted": {
              "runAfter": {},
              "metadata": {
                "operationMetadataId": "98d591d1-d5c7-4539-8886-5084dc2763ae"
              },
              "type": "Compose",
              "inputs": {
                "type": "AdaptiveCard",
                "$schema": "http://adaptivecards.io/schemas/adaptive-card.json",
                "originator": "@{parameters('OriginatorID (msauto_OriginatorID)')}",
                "version": "1.4",
                "body": [
                  {
                    "type": "TextBlock",
                    "wrap": true,
                    "size": "Large",
                    "weight": "Bolder",
                    "text": "Endpoint Local Administrator"
                  },
                  {
                    "type": "TextBlock",
                    "text": "Granted Notification",
                    "wrap": true,
                    "size": "Large",
                    "color": "Good",
                    "weight": "Bolder"
                  },
                  {
                    "type": "TextBlock",
                    "text": "The following request has been granted successfully:",
                    "wrap": true
                  },
                  {
                    "type": "FactSet",
                    "facts": [
                      {
                        "title": "Job ID:",
                        "value": "@{triggerOutputs()?['body/msauto_jobid']}"
                      },
                      {
                        "title": "Device Name:",
                        "value": "@{outputs('Get_a_row_by_ID_-_Device')?['body/msauto_devicename']}"
                      },
                      {
                        "title": "User Principal Name:",
                        "value": "@{triggerOutputs()?['body/msauto_userprincipalname']}"
                      },
                      {
                        "title": "Assignment Type:",
                        "value": "@{triggerOutputs()?['body/_msauto_assignmenttype_label']}"
                      },
                      {
                        "title": "Job Type:",
                        "value": "@{triggerOutputs()?['body/_msauto_jobtype_label']}"
                      }
                    ]
                  }
                ]
              }
            },
            "Condition_-_Send_Teams_Notification_-_Administrator_-_Granted": {
              "actions": {
                "Apply_to_each_-_Teams_-_Administrator_-_Granted": {
                  "foreach": "@outputs('List_rows_-_Notification_Users_-_Teams')?['body/value']",
                  "actions": {
                    "Adaptive_Card_-_Teams_-_Administrator_-_Granted": {
                      "runAfter": {},
                      "metadata": {
                        "operationMetadataId": "238f6824-8045-4b02-8ef9-66c42366f43a"
                      },
                      "type": "OpenApiConnection",
                      "inputs": {
                        "host": {
                          "connectionName": "shared_teams",
                          "operationId": "PostCardToConversation",
                          "apiId": "/providers/Microsoft.PowerApps/apis/shared_teams"
                        },
                        "parameters": {
                          "poster": "Flow bot",
                          "location": "Chat with Flow bot",
                          "body/recipient": "@{items('Apply_to_each_-_Teams_-_Administrator_-_Granted')?['msauto_userprincipalname']};",
                          "body/messageBody": "@outputs('Adaptive_Card_-_Administrator_-_Granted')"
                        },
                        "authentication": "@parameters('$authentication')"
                      }
                    }
                  },
                  "runAfter": {},
                  "metadata": {
                    "operationMetadataId": "d7a4c242-22bc-404a-b6a5-7f0a39667b23"
                  },
                  "type": "Foreach"
                }
              },
              "runAfter": {
                "Adaptive_Card_-_Administrator_-_Granted": [
                  "Succeeded"
                ]
              },
              "expression": {
                "equals": [
                  "@variables('Teams_Notification_Enabled')",
                  "@true"
                ]
              },
              "metadata": {
                "operationMetadataId": "7fb71ca1-d56c-4f00-b6ee-ed0c07760ebc"
              },
              "type": "If"
            },
            "Condition_-_Send_Email_Notification_-_Administrator_-_Granted": {
              "actions": {
                "Apply_to_each_-_Email_-_Administrator_-_Granted": {
                  "foreach": "@outputs('List_rows_-_Notification_Users_-_Email')?['body/value']",
                  "actions": {
                    "Outlook_-_Adaptive_Card_-_Administrator_-_Granted": {
                      "runAfter": {},
                      "metadata": {
                        "operationMetadataId": "c06af2f7-e920-4c89-9c87-4a5c3c808202"
                      },
                      "type": "OpenApiConnection",
                      "inputs": {
                        "host": {
                          "connectionName": "shared_office365",
                          "operationId": "SendEmailV2",
                          "apiId": "/providers/Microsoft.PowerApps/apis/shared_office365"
                        },
                        "parameters": {
                          "emailMessage/To": "@items('Apply_to_each_-_Email_-_Administrator_-_Granted')?['msauto_userprincipalname']",
                          "emailMessage/Subject": "Endpoint Local Administrator - @{triggerOutputs()?['body/msauto_jobid']} - Granted",
                          "emailMessage/Body": "<script type=\"application/adaptivecard+json\">\n@{outputs('Adaptive_Card_-_Administrator_-_Granted')}\n</script>"
                        },
                        "authentication": "@parameters('$authentication')"
                      }
                    }
                  },
                  "runAfter": {},
                  "metadata": {
                    "operationMetadataId": "65b30cb4-9e50-47a9-83e9-05a327e89b6c"
                  },
                  "type": "Foreach"
                }
              },
              "runAfter": {
                "Adaptive_Card_-_Administrator_-_Granted": [
                  "Succeeded"
                ]
              },
              "expression": {
                "equals": [
                  "@variables('Email_Notification_Enabled')",
                  "@true"
                ]
              },
              "metadata": {
                "operationMetadataId": "1ba4da4e-5e55-4c49-960e-05fd87912cfd"
              },
              "type": "If"
            }
          },
          "runAfter": {
            "Get_a_row_by_ID_-_Device": [
              "Succeeded"
            ]
          },
          "expression": {
            "and": [
              {
                "equals": [
                  "@triggerOutputs()?['body/msauto_admingranted']",
                  "@true"
                ]
              },
              {
                "equals": [
                  "@triggerOutputs()?['body/msauto_requeststatus']",
                  276880006
                ]
              }
            ]
          },
          "metadata": {
            "operationMetadataId": "7fdd686e-31de-4cff-8d93-2acfce1dfc3c"
          },
          "type": "If",
          "description": "Triggers if Request Status is Sleeping"
        },
        "Condition_-_Admin_Removed": {
          "actions": {
            "Adaptive_Card_-_Administrator_-_Removed": {
              "runAfter": {},
              "metadata": {
                "operationMetadataId": "98d591d1-d5c7-4539-8886-5084dc2763ae"
              },
              "type": "Compose",
              "inputs": {
                "type": "AdaptiveCard",
                "$schema": "http://adaptivecards.io/schemas/adaptive-card.json",
                "originator": "@{parameters('OriginatorID (msauto_OriginatorID)')}",
                "version": "1.4",
                "body": [
                  {
                    "type": "TextBlock",
                    "wrap": true,
                    "size": "Large",
                    "weight": "Bolder",
                    "text": "Endpoint Local Administrator"
                  },
                  {
                    "type": "TextBlock",
                    "text": "Removed Notification",
                    "wrap": true,
                    "size": "Large",
                    "color": "Good",
                    "weight": "Bolder"
                  },
                  {
                    "type": "TextBlock",
                    "text": "The following request has been removed successfully:",
                    "wrap": true
                  },
                  {
                    "type": "FactSet",
                    "facts": [
                      {
                        "title": "Job ID:",
                        "value": "@{triggerOutputs()?['body/msauto_jobid']}"
                      },
                      {
                        "title": "Device Name:",
                        "value": "@{outputs('Get_a_row_by_ID_-_Device')?['body/msauto_devicename']}"
                      },
                      {
                        "title": "User Principal Name:",
                        "value": "@{triggerOutputs()?['body/msauto_userprincipalname']}"
                      },
                      {
                        "title": "Assignment Type:",
                        "value": "@{triggerOutputs()?['body/_msauto_assignmenttype_label']}"
                      },
                      {
                        "title": "Job Type:",
                        "value": "@{triggerOutputs()?['body/_msauto_jobtype_label']}"
                      }
                    ]
                  }
                ]
              }
            },
            "Condition_-_Send_Teams_Notification_-_Administrator_-_Removed": {
              "actions": {
                "Apply_to_each_-_Teams_-_Administrator_-_Removed": {
                  "foreach": "@outputs('List_rows_-_Notification_Users_-_Teams')?['body/value']",
                  "actions": {
                    "Adaptive_Card_-_Teams_-_Administrator_-_Removed": {
                      "runAfter": {},
                      "metadata": {
                        "operationMetadataId": "238f6824-8045-4b02-8ef9-66c42366f43a"
                      },
                      "type": "OpenApiConnection",
                      "inputs": {
                        "host": {
                          "connectionName": "shared_teams",
                          "operationId": "PostCardToConversation",
                          "apiId": "/providers/Microsoft.PowerApps/apis/shared_teams"
                        },
                        "parameters": {
                          "poster": "Flow bot",
                          "location": "Chat with Flow bot",
                          "body/recipient": "@{items('Apply_to_each_-_Teams_-_Administrator_-_Removed')?['msauto_userprincipalname']};",
                          "body/messageBody": "@outputs('Adaptive_Card_-_Administrator_-_Removed')"
                        },
                        "authentication": "@parameters('$authentication')"
                      }
                    }
                  },
                  "runAfter": {},
                  "metadata": {
                    "operationMetadataId": "d7a4c242-22bc-404a-b6a5-7f0a39667b23"
                  },
                  "type": "Foreach"
                }
              },
              "runAfter": {
                "Adaptive_Card_-_Administrator_-_Removed": [
                  "Succeeded"
                ]
              },
              "expression": {
                "equals": [
                  "@variables('Teams_Notification_Enabled')",
                  "@true"
                ]
              },
              "metadata": {
                "operationMetadataId": "7fb71ca1-d56c-4f00-b6ee-ed0c07760ebc"
              },
              "type": "If"
            },
            "Condition_-_Send_Email_Notification_-_Administrator_-_Removed": {
              "actions": {
                "Apply_to_each_-_Email_-_Administrator_-_Removed": {
                  "foreach": "@outputs('List_rows_-_Notification_Users_-_Email')?['body/value']",
                  "actions": {
                    "Outlook_-_Adaptive_Card_-_Administrator_-_Removed": {
                      "runAfter": {},
                      "metadata": {
                        "operationMetadataId": "c06af2f7-e920-4c89-9c87-4a5c3c808202"
                      },
                      "type": "OpenApiConnection",
                      "inputs": {
                        "host": {
                          "connectionName": "shared_office365",
                          "operationId": "SendEmailV2",
                          "apiId": "/providers/Microsoft.PowerApps/apis/shared_office365"
                        },
                        "parameters": {
                          "emailMessage/To": "@items('Apply_to_each_-_Email_-_Administrator_-_Removed')?['msauto_userprincipalname']",
                          "emailMessage/Subject": "Endpoint Local Administrator - @{triggerOutputs()?['body/msauto_jobid']} - Granted",
                          "emailMessage/Body": "<script type=\"application/adaptivecard+json\">\n@{outputs('Adaptive_Card_-_Administrator_-_Removed')}\n</script>"
                        },
                        "authentication": "@parameters('$authentication')"
                      }
                    }
                  },
                  "runAfter": {},
                  "metadata": {
                    "operationMetadataId": "65b30cb4-9e50-47a9-83e9-05a327e89b6c"
                  },
                  "type": "Foreach"
                }
              },
              "runAfter": {
                "Adaptive_Card_-_Administrator_-_Removed": [
                  "Succeeded"
                ]
              },
              "expression": {
                "equals": [
                  "@variables('Email_Notification_Enabled')",
                  "@true"
                ]
              },
              "metadata": {
                "operationMetadataId": "1ba4da4e-5e55-4c49-960e-05fd87912cfd"
              },
              "type": "If"
            }
          },
          "runAfter": {
            "Get_a_row_by_ID_-_Device": [
              "Succeeded"
            ]
          },
          "expression": {
            "and": [
              {
                "equals": [
                  "@triggerOutputs()?['body/msauto_adminremoved']",
                  "@true"
                ]
              },
              {
                "equals": [
                  "@triggerOutputs()?['body/msauto_requeststatus']",
                  276880007
                ]
              }
            ]
          },
          "metadata": {
            "operationMetadataId": "fd372a84-baa5-4496-b99c-34542379adc1"
          },
          "type": "If"
        },
        "Get_a_row_by_ID_-_Device": {
          "runAfter": {
            "Set_Settings_Variables_and_Gather_Notification_Users": [
              "Succeeded"
            ]
          },
          "metadata": {
            "operationMetadataId": "a5f86dde-d485-4f97-9840-08d5f1a5de1d"
          },
          "type": "OpenApiConnection",
          "inputs": {
            "host": {
              "connectionName": "shared_commondataserviceforapps",
              "operationId": "GetItem",
              "apiId": "/providers/Microsoft.PowerApps/apis/shared_commondataserviceforapps"
            },
            "parameters": {
              "entityName": "msauto_endpointlocaladministratordevices",
              "recordId": "@triggerOutputs()?['body/_msauto_intunedevice_value']"
            },
            "authentication": "@parameters('$authentication')"
          }
        }
      }
    }
  },
  "schemaVersion": "1.0.0.0"
}