<environmentvariabledefinition schemaname="msauto_GitHub_RawURL">
  <defaultvalue>https://raw.githubusercontent.com/jordanbardwell/EndpointLocalAdministrator/main/Set-IntuneLocalAdministrator.ps1</defaultvalue>
  <displayname default="GitHub_RawURL">
    <label description="GitHub_RawURL" languagecode="1033" />
  </displayname>
  <introducedversion>1.4</introducedversion>
  <iscustomizable>1</iscustomizable>
  <isrequired>0</isrequired>
  <secretstore>0</secretstore>
  <type>100000000</type>
</environmentvariabledefinition>