{
  "properties": {
    "connectionReferences": {
      "shared_commondataserviceforapps": {
        "runtimeSource": "embedded",
        "connection": {
          "connectionReferenceLogicalName": "crfb2_sharedcommondataserviceforapps_9b57c"
        },
        "api": {
          "name": "shared_commondataserviceforapps"
        }
      }
    },
    "definition": {
      "$schema": "https://schema.management.azure.com/providers/Microsoft.Logic/schemas/2016-06-01/workflowdefinition.json#",
      "contentVersion": "1.0.0.0",
      "parameters": {
        "$connections": {
          "defaultValue": {},
          "type": "Object"
        },
        "$authentication": {
          "defaultValue": {},
          "type": "SecureObject"
        },
        "AppRegistration_ClientID (msauto_AppRegistration_ClientID)": {
          "defaultValue": "775aa229-7f0f-4856-9820-6d357bcfe15c",
          "type": "String",
          "metadata": {
            "schemaName": "msauto_AppRegistration_ClientID"
          }
        },
        "AppRegistration_TenantID (msauto_AppRegistration_TenantID)": {
          "defaultValue": "62b71b94-5ddd-4bd1-b652-1a1f2a56868c",
          "type": "String",
          "metadata": {
            "schemaName": "msauto_AppRegistration_TenantID"
          }
        },
        "AppRegistration_ClientSecret (msauto_AppRegistration_ClientSecret)": {
          "defaultValue": "zYz8Q~-TqH186aDX6l2Uljx~xWwKi~Tn5ZY1La39",
          "type": "String",
          "metadata": {
            "schemaName": "msauto_AppRegistration_ClientSecret"
          }
        }
      },
      "triggers": {
        "When_a_row_is_added,_modified_or_deleted": {
          "metadata": {
            "operationMetadataId": "fdf7dec2-1f93-41ee-b172-e56ce655e808"
          },
          "type": "OpenApiConnectionWebhook",
          "inputs": {
            "host": {
              "connectionName": "shared_commondataserviceforapps",
              "operationId": "SubscribeWebhookTrigger",
              "apiId": "/providers/Microsoft.PowerApps/apis/shared_commondataserviceforapps"
            },
            "parameters": {
              "subscriptionRequest/message": 3,
              "subscriptionRequest/entityname": "msauto_endpointlocaladministratorrequests",
              "subscriptionRequest/scope": 4,
              "subscriptionRequest/filteringattributes": "msauto_requeststatus"
            },
            "authentication": "@parameters('$authentication')"
          }
        }
      },
      "actions": {
        "Condition_-_Admin_Granted": {
          "actions": {
            "Compose": {
              "runAfter": {},
              "metadata": {
                "operationMetadataId": "e6787f7f-f644-4add-a65f-0ad8781253ac"
              },
              "type": "Compose",
              "inputs": "@triggerOutputs()?['body/msauto_requeststatus']"
            },
            "Delete_Device_Management_Script_-_Grant": {
              "actions": {
                "Get_a_row_by_ID_-_Grant_Script": {
                  "runAfter": {},
                  "metadata": {
                    "operationMetadataId": "326a464c-b081-462e-8e8a-5ba99b872597"
                  },
                  "type": "OpenApiConnection",
                  "inputs": {
                    "host": {
                      "connectionName": "shared_commondataserviceforapps",
                      "operationId": "GetItem",
                      "apiId": "/providers/Microsoft.PowerApps/apis/shared_commondataserviceforapps"
                    },
                    "parameters": {
                      "entityName": "msauto_endpointlocaladministratorscripts",
                      "recordId": "@triggerOutputs()?['body/_msauto_grantscript_value']"
                    },
                    "authentication": "@parameters('$authentication')"
                  }
                },
                "Delete_Script_-_Grant": {
                  "runAfter": {
                    "Get_a_row_by_ID_-_Grant_Script": [
                      "Succeeded"
                    ]
                  },
                  "metadata": {
                    "operationMetadataId": "37c5e0b8-30c5-4fd2-9ad4-01167fca1a86"
                  },
                  "type": "Http",
                  "inputs": {
                    "method": "DELETE",
                    "uri": "https://graph.microsoft.com/beta/deviceManagement/deviceManagementScripts/@{outputs('Get_a_row_by_ID_-_Grant_Script')?['body/msauto_scriptid']}",
                    "authentication": {
                      "type": "ActiveDirectoryOAuth",
                      "tenant": "@parameters('AppRegistration_TenantID (msauto_AppRegistration_TenantID)')",
                      "audience": "https://graph.microsoft.com",
                      "clientId": "@parameters('AppRegistration_ClientID (msauto_AppRegistration_ClientID)')",
                      "secret": "@parameters('AppRegistration_ClientSecret (msauto_AppRegistration_ClientSecret)')"
                    }
                  }
                }
              },
              "runAfter": {
                "Compose": [
                  "Succeeded"
                ]
              },
              "metadata": {
                "operationMetadataId": "7dbaf3a7-5718-41b5-b154-ecf8053268b1"
              },
              "type": "Scope"
            },
            "Delete_Grant_Group": {
              "actions": {
                "Get_a_row_by_ID_-_Grant_Group": {
                  "runAfter": {},
                  "metadata": {
                    "operationMetadataId": "cbaf9cac-0f77-405d-b7f2-bd8a341576f6"
                  },
                  "type": "OpenApiConnection",
                  "inputs": {
                    "host": {
                      "connectionName": "shared_commondataserviceforapps",
                      "operationId": "GetItem",
                      "apiId": "/providers/Microsoft.PowerApps/apis/shared_commondataserviceforapps"
                    },
                    "parameters": {
                      "entityName": "msauto_endpointlocaladministratorgroups",
                      "recordId": "@triggerOutputs()?['body/_msauto_grantgroup_value']"
                    },
                    "authentication": "@parameters('$authentication')"
                  }
                },
                "Delete_Group_-_Grant": {
                  "runAfter": {
                    "Get_a_row_by_ID_-_Grant_Group": [
                      "Succeeded"
                    ]
                  },
                  "metadata": {
                    "operationMetadataId": "ca500ca7-abb5-45a4-9b66-01e37a26ae23"
                  },
                  "type": "Http",
                  "inputs": {
                    "method": "DELETE",
                    "uri": "https://graph.microsoft.com/beta/groups/@{outputs('Get_a_row_by_ID_-_Grant_Group')?['body/msauto_groupid']}",
                    "authentication": {
                      "type": "ActiveDirectoryOAuth",
                      "tenant": "@parameters('AppRegistration_TenantID (msauto_AppRegistration_TenantID)')",
                      "audience": "https://graph.microsoft.com",
                      "clientId": "@parameters('AppRegistration_ClientID (msauto_AppRegistration_ClientID)')",
                      "secret": "@parameters('AppRegistration_ClientSecret (msauto_AppRegistration_ClientSecret)')"
                    }
                  }
                }
              },
              "runAfter": {
                "Compose": [
                  "Succeeded"
                ]
              },
              "metadata": {
                "operationMetadataId": "39ac3a8a-8ad1-40da-8285-0bd9786dca28"
              },
              "type": "Scope"
            }
          },
          "runAfter": {},
          "expression": {
            "and": [
              {
                "equals": [
                  "@triggerOutputs()?['body/msauto_admingranted']",
                  "@true"
                ]
              },
              {
                "or": [
                  {
                    "equals": [
                      "@triggerOutputs()?['body/msauto_requeststatus']",
                      276880007
                    ]
                  },
                  {
                    "equals": [
                      "@triggerOutputs()?['body/msauto_requeststatus']",
                      276880006
                    ]
                  }
                ]
              }
            ]
          },
          "metadata": {
            "operationMetadataId": "ad3bd169-ab33-4c67-b53c-cf43bbe461a4"
          },
          "type": "If",
          "description": "Admin Granted is TRUE and Request Status is either Complete or Sleeping"
        },
        "Condition_-_Admin_Removed": {
          "actions": {
            "Compose_2": {
              "runAfter": {},
              "metadata": {
                "operationMetadataId": "a5e63653-3c43-491e-b486-a823876ace4f"
              },
              "type": "Compose",
              "inputs": "@triggerOutputs()?['body/msauto_requeststatus']"
            },
            "Delete_Device_Management_Script_-_Remove": {
              "actions": {
                "Get_a_row_by_ID_-_Remove_Script": {
                  "runAfter": {},
                  "metadata": {
                    "operationMetadataId": "326a464c-b081-462e-8e8a-5ba99b872597"
                  },
                  "type": "OpenApiConnection",
                  "inputs": {
                    "host": {
                      "connectionName": "shared_commondataserviceforapps",
                      "operationId": "GetItem",
                      "apiId": "/providers/Microsoft.PowerApps/apis/shared_commondataserviceforapps"
                    },
                    "parameters": {
                      "entityName": "msauto_endpointlocaladministratorscripts",
                      "recordId": "@triggerOutputs()?['body/_msauto_removescript_value']"
                    },
                    "authentication": "@parameters('$authentication')"
                  }
                },
                "Delete_Script_-_Remove": {
                  "runAfter": {
                    "Get_a_row_by_ID_-_Remove_Script": [
                      "Succeeded"
                    ]
                  },
                  "metadata": {
                    "operationMetadataId": "37c5e0b8-30c5-4fd2-9ad4-01167fca1a86"
                  },
                  "type": "Http",
                  "inputs": {
                    "method": "DELETE",
                    "uri": "https://graph.microsoft.com/beta/deviceManagement/deviceManagementScripts/@{outputs('Get_a_row_by_ID_-_Remove_Script')?['body/msauto_scriptid']}",
                    "authentication": {
                      "type": "ActiveDirectoryOAuth",
                      "tenant": "@parameters('AppRegistration_TenantID (msauto_AppRegistration_TenantID)')",
                      "audience": "https://graph.microsoft.com",
                      "clientId": "@parameters('AppRegistration_ClientID (msauto_AppRegistration_ClientID)')",
                      "secret": "@parameters('AppRegistration_ClientSecret (msauto_AppRegistration_ClientSecret)')"
                    }
                  }
                }
              },
              "runAfter": {
                "Compose_2": [
                  "Succeeded"
                ]
              },
              "metadata": {
                "operationMetadataId": "7dbaf3a7-5718-41b5-b154-ecf8053268b1"
              },
              "type": "Scope"
            },
            "Delete_Remove_Group": {
              "actions": {
                "Get_a_row_by_ID_-_Remove_Group": {
                  "runAfter": {},
                  "metadata": {
                    "operationMetadataId": "cbaf9cac-0f77-405d-b7f2-bd8a341576f6"
                  },
                  "type": "OpenApiConnection",
                  "inputs": {
                    "host": {
                      "connectionName": "shared_commondataserviceforapps",
                      "operationId": "GetItem",
                      "apiId": "/providers/Microsoft.PowerApps/apis/shared_commondataserviceforapps"
                    },
                    "parameters": {
                      "entityName": "msauto_endpointlocaladministratorgroups",
                      "recordId": "@triggerOutputs()?['body/_msauto_removegroup_value']"
                    },
                    "authentication": "@parameters('$authentication')"
                  }
                },
                "Delete_Group_-_Remove": {
                  "runAfter": {
                    "Get_a_row_by_ID_-_Remove_Group": [
                      "Succeeded"
                    ]
                  },
                  "metadata": {
                    "operationMetadataId": "ca500ca7-abb5-45a4-9b66-01e37a26ae23"
                  },
                  "type": "Http",
                  "inputs": {
                    "method": "DELETE",
                    "uri": "https://graph.microsoft.com/beta/groups/@{outputs('Get_a_row_by_ID_-_Remove_Group')?['body/msauto_groupid']}",
                    "authentication": {
                      "type": "ActiveDirectoryOAuth",
                      "tenant": "@parameters('AppRegistration_TenantID (msauto_AppRegistration_TenantID)')",
                      "audience": "https://graph.microsoft.com",
                      "clientId": "@parameters('AppRegistration_ClientID (msauto_AppRegistration_ClientID)')",
                      "secret": "@parameters('AppRegistration_ClientSecret (msauto_AppRegistration_ClientSecret)')"
                    }
                  }
                }
              },
              "runAfter": {
                "Compose_2": [
                  "Succeeded"
                ]
              },
              "metadata": {
                "operationMetadataId": "39ac3a8a-8ad1-40da-8285-0bd9786dca28"
              },
              "type": "Scope"
            }
          },
          "runAfter": {},
          "expression": {
            "and": [
              {
                "equals": [
                  "@triggerOutputs()?['body/msauto_requeststatus']",
                  276880007
                ]
              },
              {
                "equals": [
                  "@triggerOutputs()?['body/msauto_adminremoved']",
                  "@true"
                ]
              }
            ]
          },
          "metadata": {
            "operationMetadataId": "8dd330eb-12ef-46a5-929d-bf34ae0646a6"
          },
          "type": "If",
          "description": "Admin Removed is TRUE and Request Status is Complete"
        },
        "Condition_-_Archived_or_Error": {
          "actions": {
            "GrantGroupValue": {
              "runAfter": {},
              "metadata": {
                "operationMetadataId": "134d8722-2448-485f-8d4e-3868ff8aee70"
              },
              "type": "Compose",
              "inputs": "@triggerOutputs()?['body/_msauto_grantgroup_value']"
            },
            "Condition_-_Grant_Group": {
              "actions": {
                "Delete_Grant_Group_2": {
                  "actions": {
                    "Get_a_row_by_ID_-_Grant_Group_2": {
                      "runAfter": {},
                      "metadata": {
                        "operationMetadataId": "cbaf9cac-0f77-405d-b7f2-bd8a341576f6"
                      },
                      "type": "OpenApiConnection",
                      "inputs": {
                        "host": {
                          "connectionName": "shared_commondataserviceforapps",
                          "operationId": "GetItem",
                          "apiId": "/providers/Microsoft.PowerApps/apis/shared_commondataserviceforapps"
                        },
                        "parameters": {
                          "entityName": "msauto_endpointlocaladministratorgroups",
                          "recordId": "@outputs('GrantGroupValue')"
                        },
                        "authentication": "@parameters('$authentication')"
                      }
                    },
                    "Delete_Group_-_Grant_2": {
                      "runAfter": {
                        "Get_a_row_by_ID_-_Grant_Group_2": [
                          "Succeeded"
                        ]
                      },
                      "metadata": {
                        "operationMetadataId": "ca500ca7-abb5-45a4-9b66-01e37a26ae23"
                      },
                      "type": "Http",
                      "inputs": {
                        "method": "DELETE",
                        "uri": "https://graph.microsoft.com/beta/groups/@{outputs('Get_a_row_by_ID_-_Grant_Group_2')?['body/msauto_groupid']}",
                        "authentication": {
                          "type": "ActiveDirectoryOAuth",
                          "tenant": "@parameters('AppRegistration_TenantID (msauto_AppRegistration_TenantID)')",
                          "audience": "https://graph.microsoft.com",
                          "clientId": "@parameters('AppRegistration_ClientID (msauto_AppRegistration_ClientID)')",
                          "secret": "@parameters('AppRegistration_ClientSecret (msauto_AppRegistration_ClientSecret)')"
                        }
                      }
                    }
                  },
                  "runAfter": {},
                  "metadata": {
                    "operationMetadataId": "39ac3a8a-8ad1-40da-8285-0bd9786dca28"
                  },
                  "type": "Scope"
                }
              },
              "runAfter": {
                "RemoveScriptValue": [
                  "Succeeded"
                ]
              },
              "expression": {
                "equals": [
                  "@empty(outputs('GrantGroupValue'))",
                  "@false"
                ]
              },
              "metadata": {
                "operationMetadataId": "6390a8d2-267c-4b7a-a078-1e012f0efc8c"
              },
              "type": "If"
            },
            "GrantScriptValue": {
              "runAfter": {
                "GrantGroupValue": [
                  "Succeeded"
                ]
              },
              "metadata": {
                "operationMetadataId": "0b87a294-a9d9-4f8d-8e1b-cb7f8b4913a2"
              },
              "type": "Compose",
              "inputs": "@triggerOutputs()?['body/_msauto_grantscript_value']"
            },
            "RemoveGroupValue": {
              "runAfter": {
                "GrantScriptValue": [
                  "Succeeded"
                ]
              },
              "metadata": {
                "operationMetadataId": "ae4dfaa5-b2de-40ec-9b13-41ac7d8ad81e"
              },
              "type": "Compose",
              "inputs": "@triggerOutputs()?['body/_msauto_removegroup_value']"
            },
            "RemoveScriptValue": {
              "runAfter": {
                "RemoveGroupValue": [
                  "Succeeded"
                ]
              },
              "metadata": {
                "operationMetadataId": "89ac0d0e-7dc3-4eb3-95ba-7ed0a140959f"
              },
              "type": "Compose",
              "inputs": "@triggerOutputs()?['body/_msauto_removescript_value']"
            },
            "Condition_-_Remove_Group": {
              "actions": {
                "Delete_Remove_Group_2": {
                  "actions": {
                    "Get_a_row_by_ID_-_Remove_Group_2": {
                      "runAfter": {},
                      "metadata": {
                        "operationMetadataId": "cbaf9cac-0f77-405d-b7f2-bd8a341576f6"
                      },
                      "type": "OpenApiConnection",
                      "inputs": {
                        "host": {
                          "connectionName": "shared_commondataserviceforapps",
                          "operationId": "GetItem",
                          "apiId": "/providers/Microsoft.PowerApps/apis/shared_commondataserviceforapps"
                        },
                        "parameters": {
                          "entityName": "msauto_endpointlocaladministratorgroups",
                          "recordId": "@outputs('RemoveGroupValue')"
                        },
                        "authentication": "@parameters('$authentication')"
                      }
                    },
                    "Delete_Group_-_Remove_2": {
                      "runAfter": {
                        "Get_a_row_by_ID_-_Remove_Group_2": [
                          "Succeeded"
                        ]
                      },
                      "metadata": {
                        "operationMetadataId": "ca500ca7-abb5-45a4-9b66-01e37a26ae23"
                      },
                      "type": "Http",
                      "inputs": {
                        "method": "DELETE",
                        "uri": "https://graph.microsoft.com/beta/groups/@{outputs('Get_a_row_by_ID_-_Remove_Group_2')?['body/msauto_groupid']}",
                        "authentication": {
                          "type": "ActiveDirectoryOAuth",
                          "tenant": "@parameters('AppRegistration_TenantID (msauto_AppRegistration_TenantID)')",
                          "audience": "https://graph.microsoft.com",
                          "clientId": "@parameters('AppRegistration_ClientID (msauto_AppRegistration_ClientID)')",
                          "secret": "@parameters('AppRegistration_ClientSecret (msauto_AppRegistration_ClientSecret)')"
                        }
                      }
                    }
                  },
                  "runAfter": {},
                  "metadata": {
                    "operationMetadataId": "39ac3a8a-8ad1-40da-8285-0bd9786dca28"
                  },
                  "type": "Scope"
                }
              },
              "runAfter": {
                "RemoveScriptValue": [
                  "Succeeded"
                ]
              },
              "expression": {
                "equals": [
                  "@empty(outputs('RemoveGroupValue'))",
                  "@false"
                ]
              },
              "metadata": {
                "operationMetadataId": "e170fb37-570f-434d-9453-841d3e19cd37"
              },
              "type": "If"
            },
            "Condition_-_Grant_Script": {
              "actions": {
                "Delete_Device_Management_Script_-_Grant_2": {
                  "actions": {
                    "Get_a_row_by_ID_-_Grant_Script_2": {
                      "runAfter": {},
                      "metadata": {
                        "operationMetadataId": "326a464c-b081-462e-8e8a-5ba99b872597"
                      },
                      "type": "OpenApiConnection",
                      "inputs": {
                        "host": {
                          "connectionName": "shared_commondataserviceforapps",
                          "operationId": "GetItem",
                          "apiId": "/providers/Microsoft.PowerApps/apis/shared_commondataserviceforapps"
                        },
                        "parameters": {
                          "entityName": "msauto_endpointlocaladministratorscripts",
                          "recordId": "@outputs('GrantScriptValue')"
                        },
                        "authentication": "@parameters('$authentication')"
                      }
                    },
                    "Delete_Script_-_Grant_2": {
                      "runAfter": {
                        "Get_a_row_by_ID_-_Grant_Script_2": [
                          "Succeeded"
                        ]
                      },
                      "metadata": {
                        "operationMetadataId": "37c5e0b8-30c5-4fd2-9ad4-01167fca1a86"
                      },
                      "type": "Http",
                      "inputs": {
                        "method": "DELETE",
                        "uri": "https://graph.microsoft.com/beta/deviceManagement/deviceManagementScripts/@{outputs('Get_a_row_by_ID_-_Grant_Script_2')?['body/msauto_scriptid']}",
                        "authentication": {
                          "type": "ActiveDirectoryOAuth",
                          "tenant": "@parameters('AppRegistration_TenantID (msauto_AppRegistration_TenantID)')",
                          "audience": "https://graph.microsoft.com",
                          "clientId": "@parameters('AppRegistration_ClientID (msauto_AppRegistration_ClientID)')",
                          "secret": "@parameters('AppRegistration_ClientSecret (msauto_AppRegistration_ClientSecret)')"
                        }
                      }
                    }
                  },
                  "runAfter": {},
                  "metadata": {
                    "operationMetadataId": "7dbaf3a7-5718-41b5-b154-ecf8053268b1"
                  },
                  "type": "Scope"
                }
              },
              "runAfter": {
                "RemoveScriptValue": [
                  "Succeeded"
                ]
              },
              "expression": {
                "equals": [
                  "@empty(outputs('GrantScriptValue'))",
                  "@false"
                ]
              },
              "metadata": {
                "operationMetadataId": "29da4c0b-3e36-4d6e-a625-212fba0a1151"
              },
              "type": "If"
            },
            "Condition_-_Remove_Script": {
              "actions": {
                "Delete_Device_Management_Script_-_Remove_2": {
                  "actions": {
                    "Get_a_row_by_ID_-_Remove_Script_2": {
                      "runAfter": {},
                      "metadata": {
                        "operationMetadataId": "326a464c-b081-462e-8e8a-5ba99b872597"
                      },
                      "type": "OpenApiConnection",
                      "inputs": {
                        "host": {
                          "connectionName": "shared_commondataserviceforapps",
                          "operationId": "GetItem",
                          "apiId": "/providers/Microsoft.PowerApps/apis/shared_commondataserviceforapps"
                        },
                        "parameters": {
                          "entityName": "msauto_endpointlocaladministratorscripts",
                          "recordId": "@outputs('RemoveScriptValue')"
                        },
                        "authentication": "@parameters('$authentication')"
                      }
                    },
                    "Delete_Script_-_Remove_2": {
                      "runAfter": {
                        "Get_a_row_by_ID_-_Remove_Script_2": [
                          "Succeeded"
                        ]
                      },
                      "metadata": {
                        "operationMetadataId": "37c5e0b8-30c5-4fd2-9ad4-01167fca1a86"
                      },
                      "type": "Http",
                      "inputs": {
                        "method": "DELETE",
                        "uri": "https://graph.microsoft.com/beta/deviceManagement/deviceManagementScripts/@{outputs('Get_a_row_by_ID_-_Remove_Script_2')?['body/msauto_scriptid']}",
                        "authentication": {
                          "type": "ActiveDirectoryOAuth",
                          "tenant": "@parameters('AppRegistration_TenantID (msauto_AppRegistration_TenantID)')",
                          "audience": "https://graph.microsoft.com",
                          "clientId": "@parameters('AppRegistration_ClientID (msauto_AppRegistration_ClientID)')",
                          "secret": "@parameters('AppRegistration_ClientSecret (msauto_AppRegistration_ClientSecret)')"
                        }
                      }
                    }
                  },
                  "runAfter": {},
                  "metadata": {
                    "operationMetadataId": "7dbaf3a7-5718-41b5-b154-ecf8053268b1"
                  },
                  "type": "Scope"
                }
              },
              "runAfter": {
                "RemoveScriptValue": [
                  "Succeeded"
                ]
              },
              "expression": {
                "equals": [
                  "@empty(outputs('RemoveScriptValue'))",
                  "@false"
                ]
              },
              "metadata": {
                "operationMetadataId": "024a3baf-cc98-4ee1-935f-a91488db94a2"
              },
              "type": "If"
            }
          },
          "runAfter": {},
          "expression": {
            "or": [
              {
                "equals": [
                  "@triggerOutputs()?['body/msauto_requeststatus']",
                  276880008
                ]
              },
              {
                "equals": [
                  "@triggerOutputs()?['body/msauto_requeststatus']",
                  276880004
                ]
              }
            ]
          },
          "metadata": {
            "operationMetadataId": "12f8c5fd-724f-4b4c-b638-d82290b7326a"
          },
          "type": "If"
        }
      },
      "outputs": {}
    }
  },
  "schemaVersion": "1.0.0.0"
}