{
  "properties": {
    "connectionReferences": {
      "shared_commondataserviceforapps": {
        "runtimeSource": "embedded",
        "connection": {
          "connectionReferenceLogicalName": "crfb2_sharedcommondataserviceforapps_9b57c"
        },
        "api": {
          "name": "shared_commondataserviceforapps"
        }
      }
    },
    "definition": {
      "$schema": "https://schema.management.azure.com/providers/Microsoft.Logic/schemas/2016-06-01/workflowdefinition.json#",
      "contentVersion": "1.0.0.0",
      "parameters": {
        "$connections": {
          "defaultValue": {},
          "type": "Object"
        },
        "$authentication": {
          "defaultValue": {},
          "type": "SecureObject"
        }
      },
      "triggers": {
        "manual": {
          "metadata": {
            "operationMetadataId": "e6023cdb-f345-44fa-ad35-e44e8adcb54d"
          },
          "type": "Request",
          "kind": "Http",
          "inputs": {
            "schema": {
              "type": "object",
              "properties": {
                "Status": {
                  "type": "string"
                },
                "Type": {
                  "type": "string"
                },
                "ConfirmationID": {
                  "type": "string"
                }
              }
            },
            "method": "POST"
          }
        }
      },
      "actions": {
        "List_rows_-_Requests": {
          "runAfter": {
            "Initialize_variable_-_RowID": [
              "Succeeded"
            ]
          },
          "metadata": {
            "operationMetadataId": "fda8e86c-c825-4fee-bd32-5522013df0aa"
          },
          "type": "OpenApiConnection",
          "inputs": {
            "host": {
              "connectionName": "shared_commondataserviceforapps",
              "operationId": "ListRecords",
              "apiId": "/providers/Microsoft.PowerApps/apis/shared_commondataserviceforapps"
            },
            "parameters": {
              "entityName": "msauto_endpointlocaladministratorrequestses",
              "$filter": "msauto_jobid eq '@{triggerBody()?['ConfirmationID']}'"
            },
            "authentication": "@parameters('$authentication')"
          }
        },
        "Initialize_variable_-_RowID": {
          "runAfter": {},
          "metadata": {
            "operationMetadataId": "cc0b7dd2-a0eb-45f7-a6b8-e7ad7dd1ec75"
          },
          "type": "InitializeVariable",
          "inputs": {
            "variables": [
              {
                "name": "RowID",
                "type": "string"
              }
            ]
          }
        },
        "Apply_to_each": {
          "foreach": "@outputs('List_rows_-_Requests')?['body/value']",
          "actions": {
            "Set_variable_-_RowID": {
              "runAfter": {},
              "metadata": {
                "operationMetadataId": "f8a5b55a-caa9-4641-833e-525d427f3515"
              },
              "type": "SetVariable",
              "inputs": {
                "name": "RowID",
                "value": "@items('Apply_to_each')?['msauto_endpointlocaladministratorrequestsid']"
              }
            }
          },
          "runAfter": {
            "List_rows_-_Requests": [
              "Succeeded"
            ]
          },
          "metadata": {
            "operationMetadataId": "86e070df-7892-4372-9db8-fc635cbf01ff"
          },
          "type": "Foreach"
        },
        "Condition_-_Type_Add": {
          "actions": {
            "Compose": {
              "runAfter": {},
              "metadata": {
                "operationMetadataId": "cfab56ab-f779-4ef4-94c6-aa330800aa2e"
              },
              "type": "Compose",
              "inputs": "Determine Assignment Type"
            },
            "Condition_-_Determine_Assignment_Type_-_Permanent": {
              "actions": {
                "Condition_-_Check_Status_-_Permanent": {
                  "actions": {
                    "Update_a_row_-_Permanent_-_Complete": {
                      "runAfter": {},
                      "metadata": {
                        "operationMetadataId": "e47d851f-f2d5-452e-a0c8-c5a6e125eede"
                      },
                      "type": "OpenApiConnection",
                      "inputs": {
                        "host": {
                          "connectionName": "shared_commondataserviceforapps",
                          "operationId": "UpdateRecord",
                          "apiId": "/providers/Microsoft.PowerApps/apis/shared_commondataserviceforapps"
                        },
                        "parameters": {
                          "entityName": "msauto_endpointlocaladministratorrequestses",
                          "recordId": "@variables('RowID')",
                          "item/msauto_admingranted": true,
                          "item/msauto_admingrantedon": "@utcNow()",
                          "item/msauto_requeststatus": 276880007
                        },
                        "authentication": "@parameters('$authentication')"
                      }
                    }
                  },
                  "runAfter": {},
                  "else": {
                    "actions": {
                      "Update_a_row_-_Permanent_-_Failed": {
                        "runAfter": {},
                        "metadata": {
                          "operationMetadataId": "a03fa334-340a-4969-acc3-d5013a15feaa"
                        },
                        "type": "OpenApiConnection",
                        "inputs": {
                          "host": {
                            "connectionName": "shared_commondataserviceforapps",
                            "operationId": "UpdateRecord",
                            "apiId": "/providers/Microsoft.PowerApps/apis/shared_commondataserviceforapps"
                          },
                          "parameters": {
                            "entityName": "msauto_endpointlocaladministratorrequestses",
                            "recordId": "@variables('RowID')",
                            "item/msauto_admingranted": false,
                            "item/msauto_errorflowname": "@workflow().name",
                            "item/msauto_errorflowrunid": "@workflow().run.name",
                            "item/msauto_requeststatus": 276880004
                          },
                          "authentication": "@parameters('$authentication')"
                        }
                      }
                    }
                  },
                  "expression": {
                    "equals": [
                      "@triggerBody()?['Status']",
                      "Success"
                    ]
                  },
                  "metadata": {
                    "operationMetadataId": "f847a9ce-dba9-46ad-ac94-e831bfcf3883"
                  },
                  "type": "If"
                }
              },
              "runAfter": {
                "Compose": [
                  "Succeeded"
                ]
              },
              "expression": {
                "equals": [
                  "@outputs('Get_a_row_by_ID_-_Request')?['body/msauto_assignmenttype']",
                  276880000
                ]
              },
              "metadata": {
                "operationMetadataId": "0760b24e-ca11-43a6-9d56-aa9ca931b222"
              },
              "type": "If"
            },
            "Condition_-_Determine_Assignment_Type_-_Temporary": {
              "actions": {
                "Condition_-_Check_Status_-_Temporary": {
                  "actions": {
                    "Update_a_row_-_Temporary_-_Complete": {
                      "runAfter": {},
                      "metadata": {
                        "operationMetadataId": "e47d851f-f2d5-452e-a0c8-c5a6e125eede"
                      },
                      "type": "OpenApiConnection",
                      "inputs": {
                        "host": {
                          "connectionName": "shared_commondataserviceforapps",
                          "operationId": "UpdateRecord",
                          "apiId": "/providers/Microsoft.PowerApps/apis/shared_commondataserviceforapps"
                        },
                        "parameters": {
                          "entityName": "msauto_endpointlocaladministratorrequestses",
                          "recordId": "@variables('RowID')",
                          "item/msauto_admingranted": true,
                          "item/msauto_admingrantedon": "@utcNow()",
                          "item/msauto_requeststatus": 276880006
                        },
                        "authentication": "@parameters('$authentication')"
                      }
                    }
                  },
                  "runAfter": {},
                  "else": {
                    "actions": {
                      "Update_a_row_-_Temporary_-_Failed": {
                        "runAfter": {},
                        "metadata": {
                          "operationMetadataId": "a03fa334-340a-4969-acc3-d5013a15feaa"
                        },
                        "type": "OpenApiConnection",
                        "inputs": {
                          "host": {
                            "connectionName": "shared_commondataserviceforapps",
                            "operationId": "UpdateRecord",
                            "apiId": "/providers/Microsoft.PowerApps/apis/shared_commondataserviceforapps"
                          },
                          "parameters": {
                            "entityName": "msauto_endpointlocaladministratorrequestses",
                            "recordId": "@variables('RowID')",
                            "item/msauto_admingranted": false,
                            "item/msauto_errorflowname": "@workflow().name",
                            "item/msauto_errorflowrunid": "@workflow().run.name",
                            "item/msauto_requeststatus": 276880004
                          },
                          "authentication": "@parameters('$authentication')"
                        }
                      }
                    }
                  },
                  "expression": {
                    "equals": [
                      "@triggerBody()?['Status']",
                      "Success"
                    ]
                  },
                  "metadata": {
                    "operationMetadataId": "f847a9ce-dba9-46ad-ac94-e831bfcf3883"
                  },
                  "type": "If"
                }
              },
              "runAfter": {
                "Compose": [
                  "Succeeded"
                ]
              },
              "expression": {
                "equals": [
                  "@outputs('Get_a_row_by_ID_-_Request')?['body/msauto_assignmenttype']",
                  276880001
                ]
              },
              "metadata": {
                "operationMetadataId": "62c1c9e7-96c2-48f6-aa94-7775405db2e5"
              },
              "type": "If"
            }
          },
          "runAfter": {
            "Get_a_row_by_ID_-_Request": [
              "Succeeded"
            ]
          },
          "expression": {
            "equals": [
              "@triggerBody()?['Type']",
              "Add"
            ]
          },
          "metadata": {
            "operationMetadataId": "ae442c3e-a4c6-4ce2-85cf-21877917563b"
          },
          "type": "If"
        },
        "Get_a_row_by_ID_-_Request": {
          "runAfter": {
            "Apply_to_each": [
              "Succeeded"
            ]
          },
          "metadata": {
            "operationMetadataId": "2d47216b-5498-4f16-8c5b-d7d6a996ad8b"
          },
          "type": "OpenApiConnection",
          "inputs": {
            "host": {
              "connectionName": "shared_commondataserviceforapps",
              "operationId": "GetItem",
              "apiId": "/providers/Microsoft.PowerApps/apis/shared_commondataserviceforapps"
            },
            "parameters": {
              "entityName": "msauto_endpointlocaladministratorrequestses",
              "recordId": "@variables('RowID')"
            },
            "authentication": "@parameters('$authentication')"
          }
        },
        "Condition_-_Type_Remove": {
          "actions": {
            "Condition_-_Check_Status_-_Remove": {
              "actions": {
                "Update_a_row_-_Remove_-_Complete": {
                  "runAfter": {},
                  "metadata": {
                    "operationMetadataId": "e47d851f-f2d5-452e-a0c8-c5a6e125eede"
                  },
                  "type": "OpenApiConnection",
                  "inputs": {
                    "host": {
                      "connectionName": "shared_commondataserviceforapps",
                      "operationId": "UpdateRecord",
                      "apiId": "/providers/Microsoft.PowerApps/apis/shared_commondataserviceforapps"
                    },
                    "parameters": {
                      "entityName": "msauto_endpointlocaladministratorrequestses",
                      "recordId": "@variables('RowID')",
                      "item/msauto_adminremoved": true,
                      "item/msauto_adminremovedon": "@utcNow()",
                      "item/msauto_requeststatus": 276880007
                    },
                    "authentication": "@parameters('$authentication')"
                  }
                }
              },
              "runAfter": {},
              "else": {
                "actions": {
                  "Update_a_row_-_Remove_-_Failed": {
                    "runAfter": {},
                    "metadata": {
                      "operationMetadataId": "a03fa334-340a-4969-acc3-d5013a15feaa"
                    },
                    "type": "OpenApiConnection",
                    "inputs": {
                      "host": {
                        "connectionName": "shared_commondataserviceforapps",
                        "operationId": "UpdateRecord",
                        "apiId": "/providers/Microsoft.PowerApps/apis/shared_commondataserviceforapps"
                      },
                      "parameters": {
                        "entityName": "msauto_endpointlocaladministratorrequestses",
                        "recordId": "@variables('RowID')",
                        "item/msauto_adminremoved": false,
                        "item/msauto_errorflowname": "@workflow().name",
                        "item/msauto_errorflowrunid": "@workflow().run.name",
                        "item/msauto_requeststatus": 276880004
                      },
                      "authentication": "@parameters('$authentication')"
                    }
                  }
                }
              },
              "expression": {
                "equals": [
                  "@triggerBody()?['Status']",
                  "Success"
                ]
              },
              "metadata": {
                "operationMetadataId": "f847a9ce-dba9-46ad-ac94-e831bfcf3883"
              },
              "type": "If"
            }
          },
          "runAfter": {
            "Get_a_row_by_ID_-_Request": [
              "Succeeded"
            ]
          },
          "expression": {
            "equals": [
              "@triggerBody()?['Type']",
              "Remove"
            ]
          },
          "metadata": {
            "operationMetadataId": "367c7430-f9e8-4124-89d0-74f0dcbcb2ab"
          },
          "type": "If"
        }
      },
      "outputs": {}
    }
  },
  "schemaVersion": "1.0.0.0"
}