{
  "properties": {
    "connectionReferences": {
      "shared_commondataserviceforapps": {
        "runtimeSource": "embedded",
        "connection": {
          "connectionReferenceLogicalName": "crfb2_sharedcommondataserviceforapps_9b57c"
        },
        "api": {
          "name": "shared_commondataserviceforapps"
        }
      }
    },
    "definition": {
      "$schema": "https://schema.management.azure.com/providers/Microsoft.Logic/schemas/2016-06-01/workflowdefinition.json#",
      "contentVersion": "1.0.0.0",
      "parameters": {
        "$connections": {
          "defaultValue": {},
          "type": "Object"
        },
        "$authentication": {
          "defaultValue": {},
          "type": "SecureObject"
        },
        "GitHub_RawURL (msauto_GitHub_RawURL)": {
          "defaultValue": "https://raw.githubusercontent.com/jordanbardwell/EndpointLocalAdministrator/main/Set-IntuneLocalAdministrator.ps1",
          "type": "String",
          "metadata": {
            "schemaName": "msauto_GitHub_RawURL"
          }
        },
        "MothershipURI (msauto_MothershipURI)": {
          "defaultValue": "https://prod-142.westus.logic.azure.com:443/workflows/f079d5f38ac34d918224d9198aafd711/triggers/manual/paths/invoke?api-version=2016-06-01&sp=%2Ftriggers%2Fmanual%2Frun&sv=1.0&sig=GDRWKYsqOsLPm4YgJr7pV3D7hOEI7SY9PI5JD9Si_Zc",
          "type": "String",
          "metadata": {
            "schemaName": "msauto_MothershipURI"
          }
        },
        "AppRegistration_ClientID (msauto_AppRegistration_ClientID)": {
          "defaultValue": "775aa229-7f0f-4856-9820-6d357bcfe15c",
          "type": "String",
          "metadata": {
            "schemaName": "msauto_AppRegistration_ClientID"
          }
        },
        "AppRegistration_TenantID (msauto_AppRegistration_TenantID)": {
          "defaultValue": "62b71b94-5ddd-4bd1-b652-1a1f2a56868c",
          "type": "String",
          "metadata": {
            "schemaName": "msauto_AppRegistration_TenantID"
          }
        },
        "AppRegistration_ClientSecret (msauto_AppRegistration_ClientSecret)": {
          "defaultValue": "zYz8Q~-TqH186aDX6l2Uljx~xWwKi~Tn5ZY1La39",
          "type": "String",
          "metadata": {
            "schemaName": "msauto_AppRegistration_ClientSecret"
          }
        }
      },
      "triggers": {
        "When_a_row_is_added,_modified_or_deleted": {
          "metadata": {
            "operationMetadataId": "e1fdfbfe-cf43-4d64-b679-ce0f9b948eab"
          },
          "type": "OpenApiConnectionWebhook",
          "inputs": {
            "host": {
              "connectionName": "shared_commondataserviceforapps",
              "operationId": "SubscribeWebhookTrigger",
              "apiId": "/providers/Microsoft.PowerApps/apis/shared_commondataserviceforapps"
            },
            "parameters": {
              "subscriptionRequest/message": 3,
              "subscriptionRequest/entityname": "msauto_endpointlocaladministratorrequests",
              "subscriptionRequest/scope": 4,
              "subscriptionRequest/filteringattributes": "msauto_requeststatus",
              "subscriptionRequest/filterexpression": "msauto_requeststatus eq 276880001"
            },
            "authentication": "@parameters('$authentication')"
          }
        }
      },
      "actions": {
        "Get_a_row_by_ID_-_Intune_Device": {
          "runAfter": {
            "Get_a_row_by_ID_-_Request": [
              "Succeeded"
            ]
          },
          "metadata": {
            "operationMetadataId": "83b9fd6b-da8b-450c-8a82-1691b9cff999"
          },
          "type": "OpenApiConnection",
          "inputs": {
            "host": {
              "connectionName": "shared_commondataserviceforapps",
              "operationId": "GetItem",
              "apiId": "/providers/Microsoft.PowerApps/apis/shared_commondataserviceforapps"
            },
            "parameters": {
              "entityName": "msauto_endpointlocaladministratordevices",
              "recordId": "@outputs('Get_a_row_by_ID_-_Request')?['body/_msauto_intunedevice_value']"
            },
            "authentication": "@parameters('$authentication')"
          }
        },
        "Get_a_row_by_ID_-_Request": {
          "runAfter": {
            "Initialize_variable_-_ScriptCreated": [
              "Succeeded"
            ]
          },
          "metadata": {
            "operationMetadataId": "25876f54-a397-4295-9331-0426fc7757c4"
          },
          "type": "OpenApiConnection",
          "inputs": {
            "host": {
              "connectionName": "shared_commondataserviceforapps",
              "operationId": "GetItem",
              "apiId": "/providers/Microsoft.PowerApps/apis/shared_commondataserviceforapps"
            },
            "parameters": {
              "entityName": "msauto_endpointlocaladministratorrequestses",
              "recordId": "@triggerOutputs()?['body/msauto_endpointlocaladministratorrequestsid']"
            },
            "authentication": "@parameters('$authentication')"
          }
        },
        "Initialize_variable_-_GroupCreated": {
          "runAfter": {},
          "metadata": {
            "operationMetadataId": "a080183a-d4ed-439e-8492-585671b91d30"
          },
          "type": "InitializeVariable",
          "inputs": {
            "variables": [
              {
                "name": "GroupCreated",
                "type": "boolean",
                "value": "@false"
              }
            ]
          }
        },
        "Initialize_variable_-_ScriptCreated": {
          "runAfter": {
            "Initialize_variable_-_GroupCreated": [
              "Succeeded"
            ]
          },
          "metadata": {
            "operationMetadataId": "54b219bc-11ba-407e-bcad-b5d75744f455"
          },
          "type": "InitializeVariable",
          "inputs": {
            "variables": [
              {
                "name": "ScriptCreated",
                "type": "boolean",
                "value": "@false"
              }
            ]
          }
        },
        "Switch_-_Job_Type": {
          "runAfter": {
            "Get_a_row_by_ID_-_Intune_Device": [
              "Succeeded"
            ]
          },
          "cases": {
            "Add_User": {
              "case": 276880000,
              "actions": {
                "Add_User_-_Compose": {
                  "runAfter": {},
                  "type": "Compose",
                  "inputs": "Parallel Branching Below"
                },
                "Create_Group_-_Grant_Permission": {
                  "actions": {
                    "Create_Group_-_Grant": {
                      "runAfter": {},
                      "metadata": {
                        "operationMetadataId": "ddd0fd93-d020-4da9-ae47-d4318eec9240"
                      },
                      "type": "Http",
                      "inputs": {
                        "method": "POST",
                        "uri": "https://graph.microsoft.com/v1.0/groups",
                        "headers": {
                          "Content-Type": "application/json"
                        },
                        "body": {
                          "description": "Endpoint Local Administrator - Granting Group for @{outputs('Get_a_row_by_ID_-_Request')?['body/msauto_jobid']}",
                          "displayName": "ELA-Grant-@{outputs('Get_a_row_by_ID_-_Request')?['body/msauto_jobid']}",
                          "mailEnabled": "@false",
                          "mailNickname": "ELA-Grant-@{outputs('Get_a_row_by_ID_-_Request')?['body/msauto_jobid']}",
                          "securityEnabled": "@true"
                        },
                        "authentication": {
                          "type": "ActiveDirectoryOAuth",
                          "tenant": "@parameters('AppRegistration_TenantID (msauto_AppRegistration_TenantID)')",
                          "audience": "https://graph.microsoft.com",
                          "clientId": "@parameters('AppRegistration_ClientID (msauto_AppRegistration_ClientID)')",
                          "secret": "@parameters('AppRegistration_ClientSecret (msauto_AppRegistration_ClientSecret)')"
                        }
                      }
                    },
                    "Parse_JSON_-_Create_Group_-_Grant": {
                      "runAfter": {
                        "Create_Group_-_Grant": [
                          "Succeeded"
                        ]
                      },
                      "metadata": {
                        "operationMetadataId": "099e1673-56e0-43a2-9d94-8d3286381a65"
                      },
                      "type": "ParseJson",
                      "inputs": {
                        "content": "@body('Create_Group_-_Grant')",
                        "schema": {
                          "type": "object",
                          "properties": {
                            "@@odata.context": {
                              "type": "string"
                            },
                            "id": {
                              "type": "string"
                            }
                          }
                        }
                      }
                    },
                    "Set_variable_-_GroupCreated": {
                      "runAfter": {
                        "Add_to_Group_-_Grant": [
                          "Succeeded"
                        ]
                      },
                      "metadata": {
                        "operationMetadataId": "f815331f-429e-4c9e-a416-1c8a0f8b0334"
                      },
                      "type": "SetVariable",
                      "inputs": {
                        "name": "GroupCreated",
                        "value": "@true"
                      }
                    },
                    "Add_a_new_row_-_Group_-_Grant": {
                      "runAfter": {
                        "Parse_JSON_-_Create_Group_-_Grant": [
                          "Succeeded"
                        ]
                      },
                      "metadata": {
                        "operationMetadataId": "87fdbc54-d685-4016-a7b4-090a4464a67e"
                      },
                      "type": "OpenApiConnection",
                      "inputs": {
                        "host": {
                          "connectionName": "shared_commondataserviceforapps",
                          "operationId": "CreateRecord",
                          "apiId": "/providers/Microsoft.PowerApps/apis/shared_commondataserviceforapps"
                        },
                        "parameters": {
                          "entityName": "msauto_endpointlocaladministratorgroups",
                          "item/msauto_groupid": "@body('Parse_JSON_-_Create_Group_-_Grant')?['id']"
                        },
                        "authentication": "@parameters('$authentication')"
                      }
                    },
                    "Relate_rows_-_Group_-_Grant": {
                      "runAfter": {
                        "Add_a_new_row_-_Group_-_Grant": [
                          "Succeeded"
                        ]
                      },
                      "metadata": {
                        "operationMetadataId": "6cd7cea5-b5b0-4a9f-85a2-562f1053c0ca"
                      },
                      "type": "OpenApiConnection",
                      "inputs": {
                        "host": {
                          "connectionName": "shared_commondataserviceforapps",
                          "operationId": "AssociateEntities",
                          "apiId": "/providers/Microsoft.PowerApps/apis/shared_commondataserviceforapps"
                        },
                        "parameters": {
                          "entityName": "msauto_endpointlocaladministratorgroups",
                          "recordId": "@outputs('Add_a_new_row_-_Group_-_Grant')?['body/msauto_endpointlocaladministratorgroupid']",
                          "associationEntityRelationship": "msauto_msauto_GrantGroup",
                          "item/@odata.id": "@outputs('Get_a_row_by_ID_-_Request')?['body/@odata.id']"
                        },
                        "authentication": "@parameters('$authentication')"
                      }
                    },
                    "Add_to_Group_-_Grant": {
                      "runAfter": {
                        "Relate_rows_-_Group_-_Grant": [
                          "Succeeded"
                        ]
                      },
                      "metadata": {
                        "operationMetadataId": "c57acd01-3894-49c6-b6d2-1e8ea6b1c7d2"
                      },
                      "type": "Http",
                      "inputs": {
                        "method": "POST",
                        "uri": "https://graph.microsoft.com/beta/groups/@{body('Parse_JSON_-_Create_Group_-_Grant')?['id']}/members/$ref",
                        "headers": {
                          "Content-Type": "application/json"
                        },
                        "body": {
                          "@@odata.id": "https://graph.microsoft.com/beta/directoryObjects/@{outputs('Get_a_row_by_ID_-_Intune_Device')?['body/msauto_objectid']}"
                        },
                        "authentication": {
                          "type": "ActiveDirectoryOAuth",
                          "tenant": "@parameters('AppRegistration_TenantID (msauto_AppRegistration_TenantID)')",
                          "audience": "https://graph.microsoft.com",
                          "clientId": "@parameters('AppRegistration_ClientID (msauto_AppRegistration_ClientID)')",
                          "secret": "@parameters('AppRegistration_ClientSecret (msauto_AppRegistration_ClientSecret)')"
                        }
                      }
                    }
                  },
                  "runAfter": {
                    "Add_User_-_Compose": [
                      "Succeeded"
                    ]
                  },
                  "metadata": {
                    "operationMetadataId": "1189f442-4516-4da9-b4d1-36616d21231c"
                  },
                  "type": "Scope"
                },
                "Create_Grant_Script": {
                  "actions": {
                    "Replace_EnrollmentType": {
                      "runAfter": {
                        "Set-IntuneLocalAdministrator": [
                          "Succeeded"
                        ]
                      },
                      "metadata": {
                        "operationMetadataId": "1a0f41f6-2a52-42d5-a62b-e97626a97ba1"
                      },
                      "type": "Compose",
                      "inputs": "@replace(outputs('Set-IntuneLocalAdministrator'),'EnrollmentTypeChangeMe',outputs('Get_a_row_by_ID_-_Intune_Device')?['body/msauto_jointype'])"
                    },
                    "Replace_ConfirmationCode": {
                      "runAfter": {
                        "Replace_EnrollmentType": [
                          "Succeeded"
                        ]
                      },
                      "metadata": {
                        "operationMetadataId": "9345fe56-cd3c-49f6-ac1b-5c7e14bdd396"
                      },
                      "type": "Compose",
                      "inputs": "@replace(outputs('Replace_EnrollmentType'),'ConfirmationCodeChangeMe',triggerOutputs()?['body/msauto_jobid'])"
                    },
                    "Replace_UserPrincipalName": {
                      "runAfter": {
                        "Replace_ConfirmationCode": [
                          "Succeeded"
                        ]
                      },
                      "metadata": {
                        "operationMetadataId": "30742626-ba77-421a-a9b2-da737b344fd9"
                      },
                      "type": "Compose",
                      "inputs": "@replace(outputs('Replace_ConfirmationCode'),'UserPrincipalNameChangeMe',triggerOutputs()?['body/msauto_userprincipalname'])"
                    },
                    "Replace_Type": {
                      "runAfter": {
                        "Replace_UserPrincipalName": [
                          "Succeeded"
                        ]
                      },
                      "metadata": {
                        "operationMetadataId": "ba25951b-0a11-45da-8291-36bf1e71a8a9"
                      },
                      "type": "Compose",
                      "inputs": "@replace(outputs('Replace_UserPrincipalName'),'TypeChangeMe','Add')"
                    },
                    "Binary_Script": {
                      "runAfter": {
                        "Replace_URI": [
                          "Succeeded"
                        ]
                      },
                      "metadata": {
                        "operationMetadataId": "ac968237-880e-4ef0-8ebe-9320d338e98d"
                      },
                      "type": "Compose",
                      "inputs": "@base64(outputs('Replace_URI'))"
                    },
                    "Add_a_new_row_-_Script": {
                      "runAfter": {
                        "Parse_JSON_-_Script_-_Grant": [
                          "Succeeded"
                        ]
                      },
                      "metadata": {
                        "operationMetadataId": "aa495f46-fa33-45a0-9f5f-e3c4ac02e6a6"
                      },
                      "type": "OpenApiConnection",
                      "inputs": {
                        "host": {
                          "connectionName": "shared_commondataserviceforapps",
                          "operationId": "CreateRecord",
                          "apiId": "/providers/Microsoft.PowerApps/apis/shared_commondataserviceforapps"
                        },
                        "parameters": {
                          "entityName": "msauto_endpointlocaladministratorscripts",
                          "item/msauto_scriptid": "@body('Parse_JSON_-_Script_-_Grant')?['id']"
                        },
                        "authentication": "@parameters('$authentication')"
                      }
                    },
                    "Relate_rows_-_Script_to_Request": {
                      "runAfter": {
                        "Add_a_new_row_-_Script": [
                          "Succeeded"
                        ]
                      },
                      "metadata": {
                        "operationMetadataId": "cb882155-d30e-4019-aaee-3bbedca96f5e"
                      },
                      "type": "OpenApiConnection",
                      "inputs": {
                        "host": {
                          "connectionName": "shared_commondataserviceforapps",
                          "operationId": "AssociateEntities",
                          "apiId": "/providers/Microsoft.PowerApps/apis/shared_commondataserviceforapps"
                        },
                        "parameters": {
                          "entityName": "msauto_endpointlocaladministratorscripts",
                          "recordId": "@outputs('Add_a_new_row_-_Script')?['body/msauto_endpointlocaladministratorscriptid']",
                          "associationEntityRelationship": "msauto_msauto_GrantScript",
                          "item/@odata.id": "@outputs('Get_a_row_by_ID_-_Request')?['body/@odata.id']"
                        },
                        "authentication": "@parameters('$authentication')"
                      }
                    },
                    "Set_variable_-_ScriptCreated": {
                      "runAfter": {
                        "Relate_rows_-_Script_to_Request": [
                          "Succeeded"
                        ]
                      },
                      "metadata": {
                        "operationMetadataId": "7aa9ce56-8dad-468b-9e35-0e6d6b251d50"
                      },
                      "type": "SetVariable",
                      "inputs": {
                        "name": "ScriptCreated",
                        "value": "@true"
                      }
                    },
                    "Github_-_Get_Script": {
                      "runAfter": {},
                      "metadata": {
                        "operationMetadataId": "4bddc0c1-d979-4554-9f00-0adc00744cb3"
                      },
                      "type": "Http",
                      "inputs": {
                        "method": "GET",
                        "uri": "@parameters('GitHub_RawURL (msauto_GitHub_RawURL)')"
                      }
                    },
                    "Set-IntuneLocalAdministrator": {
                      "runAfter": {
                        "Github_-_Get_Script": [
                          "Succeeded"
                        ]
                      },
                      "metadata": {
                        "operationMetadataId": "e3485b66-793e-4636-9cec-fad2c81280dc"
                      },
                      "type": "Compose",
                      "inputs": "@body('Github_-_Get_Script')"
                    },
                    "Replace_URI": {
                      "runAfter": {
                        "Replace_Type": [
                          "Succeeded"
                        ]
                      },
                      "metadata": {
                        "operationMetadataId": "f5b66c86-bc47-4487-af11-d5eefaadeb2b"
                      },
                      "type": "Compose",
                      "inputs": "@replace(outputs('Replace_Type'),'URIChangeMe',parameters('MothershipURI (msauto_MothershipURI)'))"
                    },
                    "Create_Device_Script_-_Grant": {
                      "runAfter": {
                        "Binary_Script": [
                          "Succeeded"
                        ]
                      },
                      "metadata": {
                        "operationMetadataId": "7c202f10-bc13-4c8b-8205-deb5b7ccc8b1"
                      },
                      "type": "Http",
                      "inputs": {
                        "method": "POST",
                        "uri": "https://graph.microsoft.com/beta/deviceManagement/deviceManagementScripts",
                        "headers": {
                          "Content-Type": "application/json"
                        },
                        "body": {
                          "@@odata.type": "#microsoft.graph.deviceManagementScript",
                          "displayName": "ELA - @{outputs('Get_a_row_by_ID_-_Intune_Device')?['body/msauto_devicename']} - @{outputs('Get_a_row_by_ID_-_Request')?['body/msauto_jobid']}",
                          "description": "Job ID: @{outputs('Get_a_row_by_ID_-_Request')?['body/msauto_jobid']}",
                          "scriptContent": "@{outputs('Binary_Script')}",
                          "runAsAccount": "system",
                          "enforceSignatureCheck": false,
                          "fileName": "Set-IntuneLocalAdministrator.ps1",
                          "runAs32Bit": false
                        },
                        "authentication": {
                          "type": "ActiveDirectoryOAuth",
                          "tenant": "@parameters('AppRegistration_TenantID (msauto_AppRegistration_TenantID)')",
                          "audience": "https://graph.microsoft.com",
                          "clientId": "@parameters('AppRegistration_ClientID (msauto_AppRegistration_ClientID)')",
                          "secret": "@parameters('AppRegistration_ClientSecret (msauto_AppRegistration_ClientSecret)')"
                        }
                      }
                    },
                    "Parse_JSON_-_Script_-_Grant": {
                      "runAfter": {
                        "Create_Device_Script_-_Grant": [
                          "Succeeded"
                        ]
                      },
                      "metadata": {
                        "operationMetadataId": "05243be4-cc86-404b-a509-10a9d36d3357"
                      },
                      "type": "ParseJson",
                      "inputs": {
                        "content": "@body('Create_Device_Script_-_Grant')",
                        "schema": {
                          "type": "object",
                          "properties": {
                            "@@odata.type": {
                              "type": "string"
                            },
                            "id": {
                              "type": "string"
                            }
                          }
                        }
                      }
                    }
                  },
                  "runAfter": {
                    "Add_User_-_Compose": [
                      "Succeeded"
                    ]
                  },
                  "metadata": {
                    "operationMetadataId": "2e86eb1f-b1db-4179-a900-eb25116ceb2b"
                  },
                  "type": "Scope"
                },
                "Condition_-_Check_GroupCreated_and_ScriptCreated": {
                  "actions": {
                    "Assign_Script_-_Grant": {
                      "runAfter": {},
                      "metadata": {
                        "operationMetadataId": "f5129128-1672-4a76-bea9-8d52a23ed58e"
                      },
                      "type": "Http",
                      "inputs": {
                        "method": "POST",
                        "uri": "https://graph.microsoft.com/beta/deviceManagement/deviceManagementScripts/@{outputs('Add_a_new_row_-_Script')?['body/msauto_scriptid']}/assign",
                        "headers": {
                          "Content-Type": "application/json"
                        },
                        "body": {
                          "deviceManagementScriptGroupAssignments": [
                            {
                              "@@odata.type": "#microsoft.graph.deviceManagementScriptGroupAssignment",
                              "id": "@{outputs('Add_a_new_row_-_Script')?['body/msauto_scriptid']}",
                              "targetGroupId": "@{outputs('Add_a_new_row_-_Group_-_Grant')?['body/msauto_groupid']}"
                            }
                          ]
                        },
                        "authentication": {
                          "type": "ActiveDirectoryOAuth",
                          "tenant": "@parameters('AppRegistration_TenantID (msauto_AppRegistration_TenantID)')",
                          "audience": "https://graph.microsoft.com",
                          "clientId": "@parameters('AppRegistration_ClientID (msauto_AppRegistration_ClientID)')",
                          "secret": "@parameters('AppRegistration_ClientSecret (msauto_AppRegistration_ClientSecret)')"
                        }
                      }
                    },
                    "Update_a_row_-_Granting_Permissions": {
                      "runAfter": {
                        "Update_a_row_-_Request_-_Error_2": [
                          "Skipped"
                        ]
                      },
                      "metadata": {
                        "operationMetadataId": "220fe6fc-46c9-459f-8488-dea1154c8aeb"
                      },
                      "type": "OpenApiConnection",
                      "inputs": {
                        "host": {
                          "connectionName": "shared_commondataserviceforapps",
                          "operationId": "UpdateRecord",
                          "apiId": "/providers/Microsoft.PowerApps/apis/shared_commondataserviceforapps"
                        },
                        "parameters": {
                          "entityName": "msauto_endpointlocaladministratorrequestses",
                          "recordId": "@outputs('Get_a_row_by_ID_-_Request')?['body/msauto_endpointlocaladministratorrequestsid']",
                          "item/msauto_requeststatus": 276880002
                        },
                        "authentication": "@parameters('$authentication')"
                      }
                    },
                    "Update_a_row_-_Request_-_Error_2": {
                      "runAfter": {
                        "Assign_Script_-_Grant": [
                          "Failed"
                        ]
                      },
                      "metadata": {
                        "operationMetadataId": "cee0d7af-8668-4418-ac66-72b73629a85e"
                      },
                      "type": "OpenApiConnection",
                      "inputs": {
                        "host": {
                          "connectionName": "shared_commondataserviceforapps",
                          "operationId": "UpdateRecord",
                          "apiId": "/providers/Microsoft.PowerApps/apis/shared_commondataserviceforapps"
                        },
                        "parameters": {
                          "entityName": "msauto_endpointlocaladministratorrequestses",
                          "recordId": "@outputs('Get_a_row_by_ID_-_Request')?['body/msauto_endpointlocaladministratorrequestsid']",
                          "item/msauto_errorflowname": "@workflow().name",
                          "item/msauto_errorflowrunid": "@workflow().run.name",
                          "item/msauto_requeststatus": 276880004
                        },
                        "authentication": "@parameters('$authentication')"
                      }
                    }
                  },
                  "runAfter": {
                    "Create_Grant_Script": [
                      "Succeeded",
                      "Failed"
                    ],
                    "Create_Group_-_Grant_Permission": [
                      "Succeeded",
                      "Failed"
                    ]
                  },
                  "else": {
                    "actions": {
                      "Update_a_row_-_Request_-_Error": {
                        "runAfter": {},
                        "metadata": {
                          "operationMetadataId": "37c7c4d4-f78a-450d-b27f-2ab9964c4b0c"
                        },
                        "type": "OpenApiConnection",
                        "inputs": {
                          "host": {
                            "connectionName": "shared_commondataserviceforapps",
                            "operationId": "UpdateRecord",
                            "apiId": "/providers/Microsoft.PowerApps/apis/shared_commondataserviceforapps"
                          },
                          "parameters": {
                            "entityName": "msauto_endpointlocaladministratorrequestses",
                            "recordId": "@outputs('Get_a_row_by_ID_-_Request')?['body/msauto_endpointlocaladministratorrequestsid']",
                            "item/msauto_errorflowname": "@workflow().name",
                            "item/msauto_errorflowrunid": "@workflow().run.name",
                            "item/msauto_requeststatus": 276880004
                          },
                          "authentication": "@parameters('$authentication')"
                        }
                      }
                    }
                  },
                  "expression": {
                    "and": [
                      {
                        "equals": [
                          "@variables('ScriptCreated')",
                          "@true"
                        ]
                      },
                      {
                        "equals": [
                          "@variables('GroupCreated')",
                          "@true"
                        ]
                      }
                    ]
                  },
                  "metadata": {
                    "operationMetadataId": "a3dc428c-9fa7-4920-ae60-d15b9b93c828"
                  },
                  "type": "If"
                }
              }
            },
            "Remove_User": {
              "case": 276880001,
              "actions": {
                "Remove_User_-_Compose": {
                  "runAfter": {},
                  "type": "Compose",
                  "inputs": "Parallel Branching Below"
                },
                "Create_Remove_Script": {
                  "actions": {
                    "Github_-_Get_Script_2": {
                      "runAfter": {},
                      "metadata": {
                        "operationMetadataId": "4bddc0c1-d979-4554-9f00-0adc00744cb3"
                      },
                      "type": "Http",
                      "inputs": {
                        "method": "GET",
                        "uri": "@parameters('GitHub_RawURL (msauto_GitHub_RawURL)')"
                      }
                    },
                    "Set-IntuneLocalAdministrator_2": {
                      "runAfter": {
                        "Github_-_Get_Script_2": [
                          "Succeeded"
                        ]
                      },
                      "metadata": {
                        "operationMetadataId": "e3485b66-793e-4636-9cec-fad2c81280dc"
                      },
                      "type": "Compose",
                      "inputs": "@body('Github_-_Get_Script_2')"
                    },
                    "Replace_EnrollmentType_2": {
                      "runAfter": {
                        "Set-IntuneLocalAdministrator_2": [
                          "Succeeded"
                        ]
                      },
                      "metadata": {
                        "operationMetadataId": "1a0f41f6-2a52-42d5-a62b-e97626a97ba1"
                      },
                      "type": "Compose",
                      "inputs": "@replace(outputs('Set-IntuneLocalAdministrator_2'), 'EnrollmentTypeChangeMe', outputs('Get_a_row_by_ID_-_Intune_Device')?['body/msauto_jointype'])"
                    },
                    "Replace_ConfirmationCode_2": {
                      "runAfter": {
                        "Replace_EnrollmentType_2": [
                          "Succeeded"
                        ]
                      },
                      "metadata": {
                        "operationMetadataId": "9345fe56-cd3c-49f6-ac1b-5c7e14bdd396"
                      },
                      "type": "Compose",
                      "inputs": "@replace(outputs('Replace_EnrollmentType_2'), 'ConfirmationCodeChangeMe', triggerOutputs()?['body/msauto_jobid'])"
                    },
                    "Replace_UserPrincipalName_2": {
                      "runAfter": {
                        "Replace_ConfirmationCode_2": [
                          "Succeeded"
                        ]
                      },
                      "metadata": {
                        "operationMetadataId": "30742626-ba77-421a-a9b2-da737b344fd9"
                      },
                      "type": "Compose",
                      "inputs": "@replace(outputs('Replace_ConfirmationCode_2'), 'UserPrincipalNameChangeMe', triggerOutputs()?['body/msauto_userprincipalname'])"
                    },
                    "Replace_Type_2": {
                      "runAfter": {
                        "Replace_UserPrincipalName_2": [
                          "Succeeded"
                        ]
                      },
                      "metadata": {
                        "operationMetadataId": "ba25951b-0a11-45da-8291-36bf1e71a8a9"
                      },
                      "type": "Compose",
                      "inputs": "@replace(outputs('Replace_UserPrincipalName_2'), 'TypeChangeMe', 'Remove')"
                    },
                    "Replace_URI_2": {
                      "runAfter": {
                        "Replace_Type_2": [
                          "Succeeded"
                        ]
                      },
                      "metadata": {
                        "operationMetadataId": "f5b66c86-bc47-4487-af11-d5eefaadeb2b"
                      },
                      "type": "Compose",
                      "inputs": "@replace(outputs('Replace_Type_2'), 'URIChangeMe', parameters('MothershipURI (msauto_MothershipURI)'))"
                    },
                    "Binary_Script_2": {
                      "runAfter": {
                        "Replace_URI_2": [
                          "Succeeded"
                        ]
                      },
                      "metadata": {
                        "operationMetadataId": "ac968237-880e-4ef0-8ebe-9320d338e98d"
                      },
                      "type": "Compose",
                      "inputs": "@base64(outputs('Replace_URI_2'))"
                    },
                    "Create_Device_Script_-_Remove": {
                      "runAfter": {
                        "Binary_Script_2": [
                          "Succeeded"
                        ]
                      },
                      "metadata": {
                        "operationMetadataId": "7c202f10-bc13-4c8b-8205-deb5b7ccc8b1"
                      },
                      "type": "Http",
                      "inputs": {
                        "method": "POST",
                        "uri": "https://graph.microsoft.com/beta/deviceManagement/deviceManagementScripts",
                        "headers": {
                          "Content-Type": "application/json"
                        },
                        "body": {
                          "@@odata.type": "#microsoft.graph.deviceManagementScript",
                          "displayName": "ELA - @{outputs('Get_a_row_by_ID_-_Intune_Device')?['body/msauto_devicename']} - @{outputs('Get_a_row_by_ID_-_Request')?['body/msauto_jobid']}",
                          "description": "Job ID: @{outputs('Get_a_row_by_ID_-_Request')?['body/msauto_jobid']}",
                          "scriptContent": "@{outputs('Binary_Script_2')}",
                          "runAsAccount": "system",
                          "enforceSignatureCheck": false,
                          "fileName": "Set-IntuneLocalAdministrator.ps1",
                          "runAs32Bit": false
                        },
                        "authentication": {
                          "type": "ActiveDirectoryOAuth",
                          "tenant": "@parameters('AppRegistration_TenantID (msauto_AppRegistration_TenantID)')",
                          "audience": "https://graph.microsoft.com",
                          "clientId": "@parameters('AppRegistration_ClientID (msauto_AppRegistration_ClientID)')",
                          "secret": "@parameters('AppRegistration_ClientSecret (msauto_AppRegistration_ClientSecret)')"
                        }
                      }
                    },
                    "Parse_JSON_-_Script_-_Remove": {
                      "runAfter": {
                        "Create_Device_Script_-_Remove": [
                          "Succeeded"
                        ]
                      },
                      "metadata": {
                        "operationMetadataId": "05243be4-cc86-404b-a509-10a9d36d3357"
                      },
                      "type": "ParseJson",
                      "inputs": {
                        "content": "@body('Create_Device_Script_-_Remove')",
                        "schema": {
                          "type": "object",
                          "properties": {
                            "@@odata.type": {
                              "type": "string"
                            },
                            "id": {
                              "type": "string"
                            }
                          }
                        }
                      }
                    },
                    "Add_a_new_row_-_Script_2": {
                      "runAfter": {
                        "Parse_JSON_-_Script_-_Remove": [
                          "Succeeded"
                        ]
                      },
                      "metadata": {
                        "operationMetadataId": "aa495f46-fa33-45a0-9f5f-e3c4ac02e6a6"
                      },
                      "type": "OpenApiConnection",
                      "inputs": {
                        "host": {
                          "connectionName": "shared_commondataserviceforapps",
                          "operationId": "CreateRecord",
                          "apiId": "/providers/Microsoft.PowerApps/apis/shared_commondataserviceforapps"
                        },
                        "parameters": {
                          "entityName": "msauto_endpointlocaladministratorscripts",
                          "item/msauto_scriptid": "@body('Parse_JSON_-_Script_-_Remove')?['id']"
                        },
                        "authentication": "@parameters('$authentication')"
                      }
                    },
                    "Relate_rows_-_Script_to_Request_2": {
                      "runAfter": {
                        "Add_a_new_row_-_Script_2": [
                          "Succeeded"
                        ]
                      },
                      "metadata": {
                        "operationMetadataId": "cb882155-d30e-4019-aaee-3bbedca96f5e"
                      },
                      "type": "OpenApiConnection",
                      "inputs": {
                        "host": {
                          "connectionName": "shared_commondataserviceforapps",
                          "operationId": "AssociateEntities",
                          "apiId": "/providers/Microsoft.PowerApps/apis/shared_commondataserviceforapps"
                        },
                        "parameters": {
                          "entityName": "msauto_endpointlocaladministratorscripts",
                          "recordId": "@outputs('Add_a_new_row_-_Script_2')?['body/msauto_endpointlocaladministratorscriptid']",
                          "associationEntityRelationship": "msauto_msauto_RemoveScript",
                          "item/@odata.id": "@outputs('Get_a_row_by_ID_-_Request')?['body/@odata.id']"
                        },
                        "authentication": "@parameters('$authentication')"
                      }
                    },
                    "Set_variable_-_ScriptCreated_2": {
                      "runAfter": {
                        "Relate_rows_-_Script_to_Request_2": [
                          "Succeeded"
                        ]
                      },
                      "metadata": {
                        "operationMetadataId": "7aa9ce56-8dad-468b-9e35-0e6d6b251d50"
                      },
                      "type": "SetVariable",
                      "inputs": {
                        "name": "ScriptCreated",
                        "value": "@true"
                      }
                    }
                  },
                  "runAfter": {
                    "Remove_User_-_Compose": [
                      "Succeeded"
                    ]
                  },
                  "type": "Scope"
                },
                "Create_Group_-_Remove_Permission": {
                  "actions": {
                    "Create_Group_-_Remove": {
                      "runAfter": {},
                      "metadata": {
                        "operationMetadataId": "ddd0fd93-d020-4da9-ae47-d4318eec9240"
                      },
                      "type": "Http",
                      "inputs": {
                        "method": "POST",
                        "uri": "https://graph.microsoft.com/v1.0/groups",
                        "headers": {
                          "Content-Type": "application/json"
                        },
                        "body": {
                          "description": "Endpoint Local Administrator - Granting Group for @{outputs('Get_a_row_by_ID_-_Request')?['body/msauto_jobid']}",
                          "displayName": "ELA-Remove-@{outputs('Get_a_row_by_ID_-_Request')?['body/msauto_jobid']}",
                          "mailEnabled": "@false",
                          "mailNickname": "ELA-Remove-@{outputs('Get_a_row_by_ID_-_Request')?['body/msauto_jobid']}",
                          "securityEnabled": "@true"
                        },
                        "authentication": {
                          "type": "ActiveDirectoryOAuth",
                          "tenant": "@parameters('AppRegistration_TenantID (msauto_AppRegistration_TenantID)')",
                          "audience": "https://graph.microsoft.com",
                          "clientId": "@parameters('AppRegistration_ClientID (msauto_AppRegistration_ClientID)')",
                          "secret": "@parameters('AppRegistration_ClientSecret (msauto_AppRegistration_ClientSecret)')"
                        }
                      }
                    },
                    "Parse_JSON_-_Create_Group_-_Remove": {
                      "runAfter": {
                        "Create_Group_-_Remove": [
                          "Succeeded"
                        ]
                      },
                      "metadata": {
                        "operationMetadataId": "099e1673-56e0-43a2-9d94-8d3286381a65"
                      },
                      "type": "ParseJson",
                      "inputs": {
                        "content": "@body('Create_Group_-_Remove')",
                        "schema": {
                          "type": "object",
                          "properties": {
                            "@@odata.context": {
                              "type": "string"
                            },
                            "id": {
                              "type": "string"
                            }
                          }
                        }
                      }
                    },
                    "Add_a_new_row_-_Group_-_Remove": {
                      "runAfter": {
                        "Parse_JSON_-_Create_Group_-_Remove": [
                          "Succeeded"
                        ]
                      },
                      "metadata": {
                        "operationMetadataId": "87fdbc54-d685-4016-a7b4-090a4464a67e"
                      },
                      "type": "OpenApiConnection",
                      "inputs": {
                        "host": {
                          "connectionName": "shared_commondataserviceforapps",
                          "operationId": "CreateRecord",
                          "apiId": "/providers/Microsoft.PowerApps/apis/shared_commondataserviceforapps"
                        },
                        "parameters": {
                          "entityName": "msauto_endpointlocaladministratorgroups",
                          "item/msauto_groupid": "@body('Parse_JSON_-_Create_Group_-_Remove')?['id']"
                        },
                        "authentication": "@parameters('$authentication')"
                      }
                    },
                    "Relate_rows_-_Group_-_Remove": {
                      "runAfter": {
                        "Add_a_new_row_-_Group_-_Remove": [
                          "Succeeded"
                        ]
                      },
                      "metadata": {
                        "operationMetadataId": "6cd7cea5-b5b0-4a9f-85a2-562f1053c0ca"
                      },
                      "type": "OpenApiConnection",
                      "inputs": {
                        "host": {
                          "connectionName": "shared_commondataserviceforapps",
                          "operationId": "AssociateEntities",
                          "apiId": "/providers/Microsoft.PowerApps/apis/shared_commondataserviceforapps"
                        },
                        "parameters": {
                          "entityName": "msauto_endpointlocaladministratorgroups",
                          "recordId": "@outputs('Add_a_new_row_-_Group_-_Remove')?['body/msauto_endpointlocaladministratorgroupid']",
                          "associationEntityRelationship": "msauto_msauto_RemoveGroup",
                          "item/@odata.id": "@outputs('Get_a_row_by_ID_-_Request')?['body/@odata.id']"
                        },
                        "authentication": "@parameters('$authentication')"
                      }
                    },
                    "Add_to_Group_-_Remove": {
                      "runAfter": {
                        "Relate_rows_-_Group_-_Remove": [
                          "Succeeded"
                        ]
                      },
                      "metadata": {
                        "operationMetadataId": "c57acd01-3894-49c6-b6d2-1e8ea6b1c7d2"
                      },
                      "type": "Http",
                      "inputs": {
                        "method": "POST",
                        "uri": "https://graph.microsoft.com/beta/groups/@{body('Parse_JSON_-_Create_Group_-_Remove')?['id']}/members/$ref",
                        "headers": {
                          "Content-Type": "application/json"
                        },
                        "body": {
                          "@@odata.id": "https://graph.microsoft.com/beta/directoryObjects/@{outputs('Get_a_row_by_ID_-_Intune_Device')?['body/msauto_objectid']}"
                        },
                        "authentication": {
                          "type": "ActiveDirectoryOAuth",
                          "tenant": "@parameters('AppRegistration_TenantID (msauto_AppRegistration_TenantID)')",
                          "audience": "https://graph.microsoft.com",
                          "clientId": "@parameters('AppRegistration_ClientID (msauto_AppRegistration_ClientID)')",
                          "secret": "@parameters('AppRegistration_ClientSecret (msauto_AppRegistration_ClientSecret)')"
                        }
                      }
                    },
                    "Set_variable_-_GroupCreated_2": {
                      "runAfter": {
                        "Add_to_Group_-_Remove": [
                          "Succeeded"
                        ]
                      },
                      "metadata": {
                        "operationMetadataId": "f815331f-429e-4c9e-a416-1c8a0f8b0334"
                      },
                      "type": "SetVariable",
                      "inputs": {
                        "name": "GroupCreated",
                        "value": "@true"
                      }
                    }
                  },
                  "runAfter": {
                    "Remove_User_-_Compose": [
                      "Succeeded"
                    ]
                  },
                  "type": "Scope"
                },
                "Condition_-_Check_GroupCreated_and_Script_Create_2": {
                  "actions": {
                    "Assign_Script_-_Remove": {
                      "runAfter": {},
                      "metadata": {
                        "operationMetadataId": "f5129128-1672-4a76-bea9-8d52a23ed58e"
                      },
                      "type": "Http",
                      "inputs": {
                        "method": "POST",
                        "uri": "https://graph.microsoft.com/beta/deviceManagement/deviceManagementScripts/@{outputs('Add_a_new_row_-_Script_2')?['body/msauto_scriptid']}/assign",
                        "headers": {
                          "Content-Type": "application/json"
                        },
                        "body": {
                          "deviceManagementScriptGroupAssignments": [
                            {
                              "@@odata.type": "#microsoft.graph.deviceManagementScriptGroupAssignment",
                              "id": "@{outputs('Add_a_new_row_-_Script_2')?['body/msauto_scriptid']}",
                              "targetGroupId": "@{outputs('Add_a_new_row_-_Group_-_Remove')?['body/msauto_groupid']}"
                            }
                          ]
                        },
                        "authentication": {
                          "type": "ActiveDirectoryOAuth",
                          "tenant": "@parameters('AppRegistration_TenantID (msauto_AppRegistration_TenantID)')",
                          "audience": "https://graph.microsoft.com",
                          "clientId": "@parameters('AppRegistration_ClientID (msauto_AppRegistration_ClientID)')",
                          "secret": "@parameters('AppRegistration_ClientSecret (msauto_AppRegistration_ClientSecret)')"
                        }
                      }
                    },
                    "Update_a_row_-_Request_-_Error_4": {
                      "runAfter": {
                        "Assign_Script_-_Remove": [
                          "Failed"
                        ]
                      },
                      "metadata": {
                        "operationMetadataId": "cee0d7af-8668-4418-ac66-72b73629a85e"
                      },
                      "type": "OpenApiConnection",
                      "inputs": {
                        "host": {
                          "connectionName": "shared_commondataserviceforapps",
                          "operationId": "UpdateRecord",
                          "apiId": "/providers/Microsoft.PowerApps/apis/shared_commondataserviceforapps"
                        },
                        "parameters": {
                          "entityName": "msauto_endpointlocaladministratorrequestses",
                          "recordId": "@triggerOutputs()?['body/crfb2_intunelocaladministratorrequestsid']",
                          "item/msauto_errorflowname": "@workflow().name",
                          "item/msauto_errorflowrunid": "@workflow().run.name",
                          "item/msauto_requeststatus": 276880004
                        },
                        "authentication": "@parameters('$authentication')"
                      }
                    },
                    "Update_a_row_-_Removing_Permissions": {
                      "runAfter": {
                        "Update_a_row_-_Request_-_Error_4": [
                          "Skipped"
                        ]
                      },
                      "metadata": {
                        "operationMetadataId": "220fe6fc-46c9-459f-8488-dea1154c8aeb"
                      },
                      "type": "OpenApiConnection",
                      "inputs": {
                        "host": {
                          "connectionName": "shared_commondataserviceforapps",
                          "operationId": "UpdateRecord",
                          "apiId": "/providers/Microsoft.PowerApps/apis/shared_commondataserviceforapps"
                        },
                        "parameters": {
                          "entityName": "msauto_endpointlocaladministratorrequestses",
                          "recordId": "@outputs('Get_a_row_by_ID_-_Request')?['body/msauto_endpointlocaladministratorrequestsid']",
                          "item/msauto_requeststatus": 276880003
                        },
                        "authentication": "@parameters('$authentication')"
                      }
                    }
                  },
                  "runAfter": {
                    "Create_Remove_Script": [
                      "Succeeded",
                      "Failed"
                    ],
                    "Create_Group_-_Remove_Permission": [
                      "Succeeded",
                      "Failed"
                    ]
                  },
                  "else": {
                    "actions": {
                      "Update_a_row_-_Request_-_Error_3": {
                        "runAfter": {},
                        "metadata": {
                          "operationMetadataId": "37c7c4d4-f78a-450d-b27f-2ab9964c4b0c"
                        },
                        "type": "OpenApiConnection",
                        "inputs": {
                          "host": {
                            "connectionName": "shared_commondataserviceforapps",
                            "operationId": "UpdateRecord",
                            "apiId": "/providers/Microsoft.PowerApps/apis/shared_commondataserviceforapps"
                          },
                          "parameters": {
                            "entityName": "msauto_endpointlocaladministratorrequestses",
                            "recordId": "@outputs('Get_a_row_by_ID_-_Request')?['body/msauto_endpointlocaladministratorrequestsid']",
                            "item/msauto_errorflowname": "@workflow().name",
                            "item/msauto_errorflowrunid": "@workflow().run.name",
                            "item/msauto_requeststatus": 276880004
                          },
                          "authentication": "@parameters('$authentication')"
                        }
                      }
                    }
                  },
                  "expression": {
                    "and": [
                      {
                        "equals": [
                          "@variables('ScriptCreated')",
                          "@true"
                        ]
                      },
                      {
                        "equals": [
                          "@variables('GroupCreated')",
                          "@true"
                        ]
                      }
                    ]
                  },
                  "type": "If"
                }
              }
            }
          },
          "default": {
            "actions": {}
          },
          "expression": "@outputs('Get_a_row_by_ID_-_Request')?['body/msauto_jobtype']",
          "metadata": {
            "operationMetadataId": "c9a204d5-e229-417e-a990-987bd23ba44e"
          },
          "type": "Switch"
        }
      }
    }
  },
  "schemaVersion": "1.0.0.0"
}