<ImportExportXml version="9.2.22051.145" SolutionPackageVersion="9.2" languagecode="1033" generatedBy="CrmLive" xmlns:xsi="http://www.w3.org/2001/XMLSchema-instance">
  <SolutionManifest>
    <UniqueName>IntuneLocalAdministrator</UniqueName>
    <LocalizedNames />
    <Descriptions />
    <Version>1.4.8</Version>
    <Managed>0</Managed>
    <Publisher>
      <UniqueName>MSAutomate</UniqueName>
      <LocalizedNames>
        <LocalizedName description="MS Automate" languagecode="1033" />
      </LocalizedNames>
      <Descriptions />
      <EMailAddress xsi:nil="true"></EMailAddress>
      <SupportingWebsiteUrl>https://www.msautomate.com/</SupportingWebsiteUrl>
      <CustomizationPrefix>msauto</CustomizationPrefix>
      <CustomizationOptionValuePrefix>89643</CustomizationOptionValuePrefix>
      <Addresses>
        <Address>
          <AddressNumber>1</AddressNumber>
          <AddressTypeCode>1</AddressTypeCode>
          <City xsi:nil="true"></City>
          <County xsi:nil="true"></County>
          <Country xsi:nil="true"></Country>
          <Fax xsi:nil="true"></Fax>
          <FreightTermsCode xsi:nil="true"></FreightTermsCode>
          <ImportSequenceNumber xsi:nil="true"></ImportSequenceNumber>
          <Latitude xsi:nil="true"></Latitude>
          <Line1 xsi:nil="true"></Line1>
          <Line2 xsi:nil="true"></Line2>
          <Line3 xsi:nil="true"></Line3>
          <Longitude xsi:nil="true"></Longitude>
          <Name xsi:nil="true"></Name>
          <PostalCode xsi:nil="true"></PostalCode>
          <PostOfficeBox xsi:nil="true"></PostOfficeBox>
          <PrimaryContactName xsi:nil="true"></PrimaryContactName>
          <ShippingMethodCode>1</ShippingMethodCode>
          <StateOrProvince xsi:nil="true"></StateOrProvince>
          <Telephone1 xsi:nil="true"></Telephone1>
          <Telephone2 xsi:nil="true"></Telephone2>
          <Telephone3 xsi:nil="true"></Telephone3>
          <TimeZoneRuleVersionNumber xsi:nil="true"></TimeZoneRuleVersionNumber>
          <UPSZone xsi:nil="true"></UPSZone>
          <UTCOffset xsi:nil="true"></UTCOffset>
          <UTCConversionTimeZoneCode xsi:nil="true"></UTCConversionTimeZoneCode>
        </Address>
        <Address>
          <AddressNumber>2</AddressNumber>
          <AddressTypeCode>1</AddressTypeCode>
          <City xsi:nil="true"></City>
          <County xsi:nil="true"></County>
          <Country xsi:nil="true"></Country>
          <Fax xsi:nil="true"></Fax>
          <FreightTermsCode xsi:nil="true"></FreightTermsCode>
          <ImportSequenceNumber xsi:nil="true"></ImportSequenceNumber>
          <Latitude xsi:nil="true"></Latitude>
          <Line1 xsi:nil="true"></Line1>
          <Line2 xsi:nil="true"></Line2>
          <Line3 xsi:nil="true"></Line3>
          <Longitude xsi:nil="true"></Longitude>
          <Name xsi:nil="true"></Name>
          <PostalCode xsi:nil="true"></PostalCode>
          <PostOfficeBox xsi:nil="true"></PostOfficeBox>
          <PrimaryContactName xsi:nil="true"></PrimaryContactName>
          <ShippingMethodCode>1</ShippingMethodCode>
          <StateOrProvince xsi:nil="true"></StateOrProvince>
          <Telephone1 xsi:nil="true"></Telephone1>
          <Telephone2 xsi:nil="true"></Telephone2>
          <Telephone3 xsi:nil="true"></Telephone3>
          <TimeZoneRuleVersionNumber xsi:nil="true"></TimeZoneRuleVersionNumber>
          <UPSZone xsi:nil="true"></UPSZone>
          <UTCOffset xsi:nil="true"></UTCOffset>
          <UTCConversionTimeZoneCode xsi:nil="true"></UTCConversionTimeZoneCode>
        </Address>
      </Addresses>
    </Publisher>
    <RootComponents>
      <RootComponent type="1" schemaName="msauto_endpointlocaladministratordevice" behavior="0" />
      <RootComponent type="1" schemaName="msauto_endpointlocaladministratorgroup" behavior="0" />
      <RootComponent type="1" schemaName="msauto_endpointlocaladministratornotificationusers" behavior="0" />
      <RootComponent type="1" schemaName="msauto_endpointlocaladministratorrequests" behavior="0" />
      <RootComponent type="1" schemaName="msauto_endpointlocaladministratorscript" behavior="0" />
      <RootComponent type="1" schemaName="msauto_endpointlocaladministratorsettings" behavior="0" />
      <RootComponent type="9" schemaName="crfb2_assignmenttype" behavior="0" />
      <RootComponent type="9" schemaName="crfb2_jobtype" behavior="0" />
      <RootComponent type="9" schemaName="crfb2_requeststatus" behavior="0" />
      <RootComponent type="20" id="{34aa15d1-11e5-ec11-bb3c-6045bd00643c}" behavior="0" />
      <RootComponent type="20" id="{fd1d6cc1-8327-ec11-b6e5-000d3a3aceba}" behavior="0" />
      <RootComponent type="29" id="{1549ca3d-c5e3-ec11-bb3c-6045bd00643c}" behavior="0" />
      <RootComponent type="29" id="{4b6a2ac5-8f27-ec11-b6e5-000d3a3aceba}" behavior="0" />
      <RootComponent type="29" id="{5b739f11-8433-ec11-b6e5-000d3a5bbc9f}" behavior="0" />
      <RootComponent type="29" id="{7a979141-8427-ec11-b6e5-000d3a3aceba}" behavior="0" />
      <RootComponent type="29" id="{82fcacbf-4f3b-ec11-b6e5-002248082d2b}" behavior="0" />
      <RootComponent type="29" id="{b87cad2e-17e1-ec11-bb3d-0022480c56b9}" behavior="0" />
      <RootComponent type="29" id="{d3a34166-27e1-ec11-bb3d-0022480c56b9}" behavior="0" />
      <RootComponent type="29" id="{fe0e3509-38de-ec11-bb3d-0022480c56b9}" behavior="0" />
      <RootComponent type="300" schemaName="crfb2_endpointlocaladministrator_0b8ad" behavior="0" />
    </RootComponents>
    <MissingDependencies />
  </SolutionManifest>
</ImportExportXml>